slice,region_fraction,rim_fraction_of_region,uncertain_fraction,porosity_low,porosity_high
0,0.5055888376856119,0.15554081448360957,0.34629141073746433,0.2521776864991854,0.5442149386394627
1,0.5021181088923025,0.15110081545662513,0.2542531892545999,0.3076670018729182,0.5011046852861901
2,0.507715480457416,0.15445229022709814,0.27557522510635507,0.32042764413898434,0.5322996116559103
3,0.5073092677931388,0.1541116802503091,0.2877999545810098,0.32597654170394874,0.5531510293592959
4,0.5037463731012118,0.14876586084805773,0.288634400040658,0.33647358322663495,0.5675203790828568
5,0.511005291005291,0.16311732209299995,0.28843212045504646,0.34785417247880945,0.5706079392154403
6,0.5165045229561359,0.1729446170114335,0.2769595532350803,0.35733363279897434,0.566807977016012
7,0.5202790578597031,0.17339415381940515,0.27389885887777343,0.35870243061566787,0.56680609617844
8,0.5278213005632361,0.17850415763272817,0.28065435625811436,0.36019239773549566,0.5682007036323493
9,0.5311742618194231,0.18028854650322124,0.27704641485789566,0.36066549905997247,0.5690704294722062
10,0.5296466973886329,0.17326630574890436,0.2747583139984532,0.36026590450448803,0.5696291764448056
11,0.5351689708141321,0.1739357147299282,0.2748668098630067,0.3599204499886202,0.5706900475782766
12,0.5344137224782386,0.16163334004017718,0.2682529949251548,0.36038050997512494,0.5692738911947928
13,0.5347542242703534,0.15784400558547776,0.2682657091561939,0.36056097944480975,0.5695131364533006
14,0.5387881891107698,0.15784855358025318,0.26900524588502134,0.3610145020305688,0.56807917440132
15,0.5461657279399215,0.16259763717642425,0.27024814178816464,0.3589456854899259,0.5664025580553127
16,0.5494640723672982,0.16226303151917648,0.2718517322034846,0.3589603244775659,0.5666059674680365
17,0.5531293736132445,0.1612433407338037,0.2663598479997902,0.35944262751374295,0.5656391343678241
18,0.5516333845366104,0.15524037598777235,0.2673266254540504,0.3576017799018834,0.5644199971907239
19,0.5527854582693292,0.1559913176915928,0.2663835344899453,0.3566383984911312,0.5629533193725991
20,0.5527316948284691,0.1526576716366292,0.2672277366830788,0.35495782869169584,0.5620473777066619
21,0.5536004437617341,0.15543178836735733,0.2668469221176213,0.3526585433874694,0.5617216577549313
22,0.5514149172213688,0.152906145341315,0.2643806063007237,0.35301484166138414,0.5594286580492241
23,0.5510624679979519,0.15559323871247493,0.2642910791578589,0.35616731904157056,0.5609283597307549
24,0.5486021505376344,0.15762570545008806,0.2640094454088966,0.35380736975152705,0.5602335794771856
25,0.5557245263696876,0.16446610708263845,0.26535093781000557,0.3554236468212501,0.5603496805670086
26,0.5582625021334698,0.16739939954629668,0.26569464911368873,0.35428171103601747,0.5600050825572132
27,0.5556169994879673,0.16045076427799077,0.2609096996952718,0.35480060301576566,0.5585485039645883
28,0.5581566820276498,0.16337333039776897,0.25949471598414797,0.35541241178770067,0.5569205077736553
29,0.5469098822324628,0.14583167542820763,0.2576766858749604,0.34955904566304064,0.5514412121442821
30,0.5244589520395972,0.13591002357780593,0.2587651998743819,0.3352382551654406,0.5402087970588341
31,0.5623246287762417,0.16295459926062172,0.260219567421221,0.35373930892918237,0.5532364009579199
32,0.5585287591739204,0.1573071305028083,0.25960756871061785,0.3517815026810429,0.5509585880409443
33,0.556058201058201,0.15378405712803622,0.25736775789646543,0.3500615489827321,0.5493007351684048
34,0.5527487625874723,0.1490633940136882,0.25842080804556355,0.3476996452044437,0.5476733006935107
35,0.5539716675200547,0.15044119640634435,0.2619973380328556,0.347833728648704,0.5481425865570022
36,0.5457646356033453,0.14163592780289183,0.2613525308548349,0.34353468775270884,0.5468503997843551
37,0.5429407748762588,0.13797786293377426,0.2580876366276968,0.3443392002204388,0.5470137429821238
38,0.5467980884109916,0.14082042894287525,0.2569178041570814,0.3501132105269482,0.5516142156029684
39,0.5472725721112818,0.1486182624506077,0.25833237173589646,0.3481715831206063,0.5497159899962201
40,0.5444154292541389,0.14688233800353007,0.25495104601329893,0.3508071984062007,0.551039483226855
41,0.5380901177675371,0.139228019424805,0.255408907370578,0.3505094761517719,0.5518266839224606
42,0.5403294077487626,0.14333862953638743,0.255710265052325,0.35234596230836834,0.552324689274206
43,0.5401177675371224,0.14479941855872083,0.2566668246670143,0.35161755327048916,0.5526222447428427
44,0.5389793480116061,0.14092049096229115,0.2564378633766958,0.35123714826604,0.5520083394635829
45,0.5405803038061102,0.14287586115443632,0.2561662130674463,0.3518149085247178,0.550332258243897
46,0.5377888718211299,0.13998041832425923,0.25224340308578014,0.3493337334305663,0.5463874360164273
47,0.5404027991124766,0.13961442982483846,0.25262931824067814,0.34869930642394686,0.5461837707712933
48,0.5408448540706605,0.13555088503255167,0.2535541733332071,0.34803443288839064,0.5477828984243632
49,0.5392541389315583,0.13397415405650911,0.25147571285239073,0.34463237724707385,0.5439653725205821
50,0.53700034135518,0.12984837673637323,0.25029360023011266,0.3430028811258553,0.5435649084411447
51,0.5368578255675029,0.1292692619498005,0.25187334085742896,0.3417310353678121,0.5427348055758845
52,0.5394760197986005,0.13155730054828066,0.2502349096270236,0.3451199988935414,0.5440595274730214
53,0.5405913978494624,0.12884216176110755,0.2501306307372941,0.3462218218328359,0.5439177108118888
54,0.5452500426693975,0.13736845070775242,0.2513178406195416,0.3459559874249786,0.543564942823595
55,0.5417494452978324,0.13198817936366414,0.24829952333094946,0.34522761379828426,0.5428754064070601
56,0.5452193207031917,0.13595340654386998,0.25086556642165764,0.34539607748725315,0.5427185885144837
57,0.5449462365591398,0.13726807481740394,0.2504776311998096,0.3442970219273772,0.5419930284305013
58,0.5424202082266598,0.13627739109639903,0.24979861801613573,0.3429288187870961,0.5396725778314895
59,0.5464840416453319,0.13855895810234709,0.2516388962630979,0.3441302723933645,0.5424820739486195
60,0.5434024577572965,0.13385440959609524,0.2545688400163955,0.3413644725872131,0.5417651395616434
61,0.5587429595494111,0.15080452396771213,0.2582922861921235,0.3443116320715212,0.5432913107571213
62,0.5588419525516299,0.1494065062128637,0.2604928449372453,0.34317041796266173,0.5427133882812554
63,0.5640962621607782,0.15569403093457265,0.2628046861762641,0.3442170278941965,0.5427560807857673
64,0.5637830687830688,0.15492831961685696,0.26408745445711057,0.34469763662219816,0.5437072526579535
65,0.5610863628605564,0.1514233871397044,0.26336882738816786,0.3426908633466964,0.5420344892303582
66,0.5608824031404677,0.1502779798004388,0.26303401182517244,0.3411822505406788,0.5410839913491392
67,0.5570302099334358,0.14724663259428122,0.26074720251008077,0.3419855145193886,0.5398215084973348
68,0.5556238265915685,0.14376574307304785,0.2584935798980156,0.34697069839171624,0.5428610164895691
69,0.5571513910223588,0.1479927091151378,0.2574340986720174,0.348974929153503,0.5431875499993221
70,0.5551749445297832,0.14793084048364932,0.2572238430629894,0.34761236193785033,0.542984964016304
71,0.5591099163679809,0.15456259110300458,0.2572054367983638,0.34738525947237,0.5417842796656172
72,0.5563969960744154,0.15050783299027892,0.25844880104787527,0.3460501748311098,0.541085310792002
73,0.5510590544461512,0.14365579475044563,0.255795369898611,0.3460822866333631,0.541395478801344
74,0.5506076122205155,0.14541647422047668,0.25766814114029407,0.3438762167163425,0.5402954602098334
75,0.5504386414063833,0.14762389070455378,0.25922319861582255,0.3424716140017626,0.53991494896082
76,0.5475669909540877,0.14604629706112005,0.25817320954617784,0.3415725014759793,0.5387341589664026
77,0.5428835978835979,0.1454057291429236,0.25970249201840445,0.3369217058757365,0.5354698599202263
78,0.5411648745519714,0.14277671859550853,0.25869961853668844,0.33585645909798256,0.5342389552595735
79,0.5394478579962451,0.14154478940083054,0.2563337947399644,0.3365206046318511,0.5330051092468509
80,0.5400827786311657,0.14217318275978125,0.25629316651629325,0.335922303141989,0.5327083018822089
81,0.5410325994196962,0.1428621001858097,0.25560978071932644,0.33552199947028855,0.5324742544657618
82,0.5425541901348353,0.14421838257846845,0.2555173688391151,0.3356542135981359,0.5321022477014303
83,0.5441244239631337,0.14588655986072882,0.25494310740975995,0.33562007826465046,0.5305018185833684
84,0.5448276156340672,0.14668819868771626,0.25639029555361675,0.33536262618425705,0.5300230170429565
85,0.5441611196449906,0.14534508067146765,0.25657729656487593,0.3352808593487284,0.5306485296121101
86,0.5407048984468339,0.14019772789686835,0.255237548098321,0.33421897391307354,0.530962559357222
87,0.5404616828810377,0.1381781204554462,0.2563708624329518,0.3329622689778675,0.5317640307268944
88,0.5426088069636457,0.14038051111226446,0.2563975534302462,0.3351397609028342,0.5314106180673813
89,0.539805427547363,0.13512261597612182,0.2536787954671928,0.33582962546978273,0.5322856278888937
90,0.5633589349718382,0.15938946654063355,0.257592282895853,0.3417923077314404,0.53774827923603
93,0.5638291517323776,0.1601722428654674,0.2612718425294576,0.34119591371594127,0.5388401875504817
94,0.5624662911759686,0.15751982254535743,0.2612479479531117,0.3411497243765014,0.5381298937147
95,0.5660087045570916,0.1616074807500652,0.25693970137912003,0.34298226244435415,0.5382925896022156
96,0.5720856801501962,0.16801467846114831,0.2630905320942166,0.34303849544519543,0.5395440997439235
97,0.5711546338965694,0.16647915144506253,0.263516410943717,0.34105609054506275,0.5390562852223181
98,0.5654540023894863,0.15886531673002827,0.26195783573473547,0.3398748142326018,0.5387650065555064
99,0.5651194743130227,0.1569841454409271,0.26101204004186,0.3392637500756145,0.5389229807569514
100,0.5625337088240314,0.15462311336712295,0.25860732398126757,0.33859206966633915,0.5388642879254882
101,0.5634434203789043,0.156507528288827,0.2620701771923368,0.3366540494023047,0.537920706208232
102,0.5642063492063492,0.15637303614833234,0.2588465023134388,0.3368748667518336,0.5385206809547871
103,0.5642020822665984,0.1573543558623694,0.2571922097251381,0.3371921926966103,0.5376574730406154
104,0.5543684929168801,0.14929288233383467,0.2576134259223625,0.3328551563604868,0.5335778351439775
105,0.5614464925755248,0.15695018870562985,0.2540526490987273,0.33532367780653716,0.5337141241530657
106,0.5539614268646527,0.15051946291355225,0.25061620748938584,0.33273073844442336,0.5293705653312349
107,0.5568928144734596,0.15161355079248567,0.254283468210927,0.3344643591483629,0.5305199277722966
108,0.5580568356374808,0.1553818369216324,0.2560927681972563,0.33344415231956576,0.5310898142651175
109,0.5617093360641747,0.16150292231518465,0.2529644749176176,0.3354665670780356,0.5320171790388566
110,0.5568433179723502,0.15780931757263117,0.25344171498017654,0.33520165629213944,0.5309686448642685
111,0.5565173237753883,0.1580198335600274,0.2548706003585191,0.33406237577986786,0.5308748338755658
112,0.552352790578597,0.1551015300186791,0.25836195455521616,0.33184470450174397,0.5295137965525346
113,0.5498284690220174,0.15242693884266223,0.25731154807857964,0.3313259108443696,0.5306576467016465
114,0.55347414234511,0.1545621768808177,0.2546946239443938,0.3330468664402323,0.5320648898871481
115,0.5523613244580986,0.15369629065425325,0.2550022633976921,0.33276419795625545,0.531500443137033
116,0.5528247141150366,0.15398579808582896,0.2575084902747762,0.3346227214921577,0.5335041502003309
117,0.5519585253456222,0.15101927224657344,0.2566880802739705,0.33296440466563415,0.5331624611082937
