slice,roi_fraction,porosity_otsu,porosity_ferner_style,confident_pore,confident_solid,uncertain,mean_intensity_roi_raw,mean_intensity_roi_norm
0,0.43218296637651477,0.33073936876026794,0.5105601541766713,0.26597845317831414,0.42467893024137493,0.30934261658031087,184.1929716131682,187.17599487304688
1,0.4326497695852535,0.33739859047416165,0.5244635379374688,0.3283370711607384,0.46647494274910795,0.20518798609015362,182.46855392432428,186.35516357421875
2,0.43358081583888036,0.3463341665518531,0.5520656602436672,0.3370755998189226,0.43867577302340227,0.22424862715767513,183.51266164111246,185.4918975830078
3,0.43319764464925753,0.3489532544949874,0.5715543683180956,0.3403306797788114,0.41982305696572836,0.23984626325546027,186.71725165034545,185.12290954589844
4,0.4324398361495136,0.36012061578780147,0.5811304967310201,0.3489470786390466,0.4076959661202251,0.24335695524072834,183.73594772789616,183.67552185058594
5,0.4329953917050691,0.37217373823376376,0.58894840988285,0.362831701433234,0.40170955331662017,0.23545874525014585,186.22814475821073,181.94021606445312
6,0.42830602491892816,0.37217392690415607,0.5829695410738231,0.36588369141383853,0.4107402234358593,0.22337608515030216,189.30219630236965,181.94371032714844
7,0.43041986687147976,0.37153376714528735,0.5797952280685058,0.3648065095585349,0.4134775143447417,0.22171597609672342,190.74956678285213,181.9500732421875
8,0.43389912954429083,0.3716542463953678,0.5799194796663539,0.36522088021666144,0.4136471541549397,0.22113196562839885,192.9844092651487,181.95819091796875
9,0.4364900153609831,0.36987833322580205,0.5804989061134475,0.364110745504703,0.4137335061654535,0.22215574832984344,195.06999505356035,182.28570556640625
10,0.4386132445809865,0.3691015181908566,0.5806403913091697,0.3632820784213773,0.413540168921351,0.22317775265727177,196.60847486317215,182.3013153076172
11,0.4424961597542243,0.3682868642686739,0.5805441287363771,0.36188591695161393,0.413054923946563,0.2250591591018231,197.34133499962394,182.3081512451172
12,0.44820276497695855,0.3717012817876482,0.5809095132558015,0.36533613605380005,0.41272534101035024,0.2219385229358497,198.99553887632234,182.0402374267578
13,0.4508303464755078,0.37127070149900715,0.5807455473676041,0.3652966307831219,0.4132803819165107,0.2214229873003674,200.3482905942459,182.08099365234375
14,0.45447857996245095,0.37082721506389915,0.5788684049436869,0.36550760668321575,0.4158119866756297,0.21868040664115457,200.39968604358586,182.08621215820312
15,0.4581746031746032,0.36968349137344964,0.5787099381808902,0.36482960164950295,0.41643617209516304,0.21873422625533398,200.80308033876648,182.11500549316406
16,0.4616077828981055,0.37112691158635785,0.578949995563049,0.36562509243647767,0.4155481852870707,0.2188267222764516,200.51176716360516,182.10890197753906
17,0.4644427376685441,0.3696351201872724,0.5775015893898581,0.3646593193369029,0.41752260975977246,0.21781807090332467,200.3610946761871,182.45437622070312
18,0.4678716504522956,0.36939947323493577,0.5786171322676433,0.3652006741425476,0.4171840686399685,0.21761525721748393,200.7146658835718,182.49795532226562
19,0.46761392729134665,0.366527967880281,0.5758390364084315,0.3625385527876631,0.4201715484989506,0.21728989871338625,200.4057322748426,182.79747009277344
20,0.4708090117767537,0.3687188912694356,0.5772420943494039,0.36433783945448023,0.41837685383564077,0.21728530670987903,199.9421980300674,182.49974060058594
21,0.4705777436422598,0.36472363321805584,0.5763071181289138,0.3602842101254391,0.41925345877846953,0.2204623310960914,200.37510404897873,182.87722778320312
22,0.471984126984127,0.36608138918872984,0.5763437244042808,0.36260263148854305,0.4201775178955324,0.21721985061592453,200.14835889063067,182.50010681152344
23,0.46792882744495645,0.3643317120143566,0.5746891864042647,0.36122585575185245,0.4222049573332312,0.2165691869149163,200.795598912312,182.8790283203125
24,0.4651826250213347,0.3614816336788962,0.5735469206624093,0.3578731280991963,0.42284457375789075,0.21928229814291297,200.43203369650763,183.2244415283203
25,0.46518689196108554,0.3603189104504445,0.5720850623548448,0.35697644127931083,0.4245724684740216,0.21845109024666762,199.35387796135063,183.20138549804688
26,0.46536866359447004,0.3595198406804091,0.5720944988162892,0.35587426808895345,0.4242599285922552,0.21986580331879138,198.63645499239894,183.21385192871094
27,0.4675704045058884,0.36119613286390373,0.5729559645117075,0.35863179162582887,0.42447969425021764,0.2168885141239535,198.23630632653098,182.9496612548828
28,0.467647209421403,0.36081746166437645,0.5703745878110692,0.35826996527302557,0.42707791579757987,0.21465211892939456,198.30342579869304,182.96194458007812
29,0.4698148148148148,0.3607512047503401,0.5684823142831713,0.3583698588085278,0.4291363397750164,0.2124938014164558,197.32537795465817,182.99945068359375
30,0.4699726915855948,0.3584365024313891,0.567170981671067,0.3563464883769071,0.430739004274451,0.21291450734864195,197.38492211928514,183.5489959716797
31,0.4712758149854924,0.35991170521565763,0.5667525591182111,0.3576916599817833,0.4310273956479146,0.2112809443703021,196.55784159452122,183.57432556152344
32,0.4723937532002048,0.3582325747763079,0.5654944169552579,0.356357408802441,0.43263041707087513,0.2110121741266839,196.69330739173085,183.8509521484375
33,0.47197644649257553,0.3569961414814252,0.564240537227291,0.35516452043351376,0.4339278417247976,0.21090763784168864,196.06068216583313,184.116943359375
34,0.4726881720430108,0.35707605759926053,0.5646926498837327,0.3551659517310109,0.4333972442480177,0.21143680402097145,196.21213188035298,184.06297302246094
35,0.47455282471411503,0.3591653014578811,0.5664552466277395,0.35700194755799963,0.431381399472379,0.21161665296962134,195.2174791082594,183.8195037841797
36,0.47533708824031407,0.35846678635547574,0.5680556552962298,0.3563357271095153,0.42981328545780967,0.21385098743267505,194.0872208258528,183.73866271972656
37,0.475973715651135,0.36087036034323866,0.5702846815575549,0.359235207424168,0.4280801655233744,0.21268462705245758,194.2071104050948,183.345947265625
38,0.47665813278716507,0.3661189369579696,0.5731682863424451,0.3640295910109785,0.42474236771056384,0.2112280412784577,194.40739918502976,182.6027374267578
39,0.46905188598736985,0.35826866920774697,0.5687519899569714,0.3566312188998153,0.42961055973509693,0.21375822136508774,194.4740291284216,183.51229858398438
40,0.4678904249871992,0.35951732163115524,0.5692117444927172,0.3581092665346159,0.42938020041074354,0.21251053305464057,194.50707310578287,183.3590850830078
41,0.467457757296467,0.3615551867856224,0.5708668101583337,0.3601239213023055,0.4277019243583494,0.212174154339345,193.44041535908516,183.0830841064453
42,0.4665898617511521,0.3625294924554184,0.5708861454046639,0.36103520804755374,0.42761957018747143,0.21134522176497486,193.6968449931413,183.14065551757812
43,0.46569380440348185,0.36190947407000185,0.5714385193329669,0.3602913688840022,0.42694337548103356,0.21276525563496426,193.6275444383361,183.1822509765625
44,0.4659873698583376,0.3625825025089553,0.5700309865139073,0.36023836906915924,0.4276248800462966,0.2121367508845441,192.7126861571595,183.20187377929688
45,0.46683905103259943,0.3642992676979098,0.5690148105629915,0.3616778967611262,0.42836381850022487,0.20995828473864894,192.52535454316123,183.25357055664062
46,0.46751920122887863,0.3636287303386579,0.5674386087883484,0.3613360859668625,0.4302687468398562,0.20839516719328124,193.17607545282465,183.24465942382812
47,0.46916026625704044,0.36216580993229797,0.5675710580214711,0.3604559791327884,0.4307191111790193,0.20882490968819234,191.88547589684262,183.30282592773438
48,0.47163594470046083,0.3618154282085104,0.5687842319822387,0.36039322335672913,0.42979356316598,0.20981321347729087,192.1799523398527,183.297607421875
49,0.47269755931046253,0.3616455469961564,0.5683553376288799,0.3604070719452905,0.4304061873202541,0.20918674073445542,191.64525994435888,183.28981018066406
50,0.47237412527735106,0.3581715830093509,0.5658665866948014,0.3567190819615268,0.43268091225737454,0.2106000057810987,191.85135891951265,183.7855987548828
51,0.47292114695340504,0.35697954955979133,0.5654322056989836,0.35599789955771616,0.4335861442989413,0.21041595614334255,191.55840727287162,184.05442810058594
52,0.47433606417477386,0.3597234391276422,0.5662013540184266,0.35886705755567827,0.4329422644096095,0.20819067803471225,191.82963763904957,183.65972900390625
53,0.47734511008704555,0.36385252246792277,0.5682565392515996,0.3627744912425606,0.4306654295230382,0.20656007923440117,190.99451509154326,183.03131103515625
54,0.47348352961256185,0.35880489088510314,0.5644271738268436,0.35774149826612933,0.43450943355418253,0.2077490681796881,191.5472596912917,183.8109588623047
55,0.4736277521761393,0.35863256918505865,0.5647003497316202,0.35776589783368196,0.43443297891700317,0.20780112324931485,190.7177444202401,183.88165283203125
56,0.47390168970814134,0.35772656387871454,0.5637184460075129,0.35699725202496585,0.4355522421387385,0.2074505058362956,190.28327192707602,184.03846740722656
57,0.47431899641577063,0.3569170593389432,0.5631559156325847,0.3558465438542516,0.43577356888272367,0.20837988726302475,189.6720552278039,184.232421875
58,0.47478067929680834,0.35705529632532157,0.5616143133434469,0.355764737178888,0.4370951275101196,0.2071401353109924,190.1043160036524,184.2189483642578
59,0.4753490356716163,0.3560520920479557,0.5626842413296613,0.3551077710793625,0.43637143770174536,0.20852079121889217,189.5580362432542,184.3363494873047
60,0.476199863457928,0.355179378184301,0.562917218477772,0.35396434837306073,0.4358677517109878,0.21016789991595147,190.44643922790053,184.48997497558594
61,0.4761717016555726,0.35388312800863114,0.5616637215087333,0.3528203620931291,0.43727351257576463,0.20990612533110625,189.46092677489077,184.5786895751953
62,0.4767716333845366,0.3528525222801563,0.5611019526348667,0.3518877498966315,0.43793327498160844,0.21017897512176,189.99252883130086,184.6700897216797
63,0.4774816521590715,0.3524457876760683,0.5605070838389814,0.3516182823276671,0.4386654108126174,0.2097163068597155,188.74680659788066,184.73428344726562
64,0.4773672981737498,0.3520332368573007,0.5608576653753538,0.3512824042375563,0.43839150200490185,0.21032609375754185,189.0949195447094,184.7362060546875
65,0.4775413893155829,0.3512758607748985,0.560924831526333,0.35058606140644016,0.4383853691052087,0.21102856948835114,188.27967254187493,184.79173278808594
66,0.4782386072708653,0.350901142041399,0.5613918629550321,0.35033904354032835,0.43804603854389723,0.21161491791577444,188.74401320485367,184.8426055908203
67,0.4777572964669739,0.3549771718860523,0.5627790995934524,0.35439664473167143,0.4366403732521667,0.20896298201616187,188.37161240077452,184.35330200195312
68,0.4793889742276839,0.3622264787769605,0.5667737134800658,0.3613826840504995,0.4323824917934732,0.20623482415602726,188.36684064740774,183.48782348632812
69,0.47657023382829833,0.3617366079023001,0.5658587685447986,0.361075844532586,0.4334804680854874,0.2054436873819266,188.3351574461227,183.55715942382812
70,0.47579365079365077,0.3613441308617396,0.5666334848933251,0.36061951267633424,0.43264189692126953,0.20673859040239626,188.02990484902293,183.56373596191406
71,0.47552142003754905,0.36180224544880263,0.5661161919255728,0.3608600614483432,0.43294162407396775,0.20619831447768908,188.6859853270545,183.621337890625
72,0.4757270865335381,0.36028608484600605,0.5652525665656724,0.35938377309819414,0.43384512168651573,0.20677110521529016,189.3245487992796,183.65692138671875
73,0.47495391705069123,0.36008739540491347,0.5652258283607432,0.35933454436340967,0.43402132059775295,0.2066441350388374,188.91832374750922,183.66151428222656
74,0.47486601809182455,0.3590632008741158,0.5656916728966588,0.35843241416987753,0.4336775403991029,0.2078900454310196,189.1415873540744,183.68589782714844
75,0.4737284519542584,0.35693324806571614,0.5648181007538978,0.35629193950802984,0.43454059068841594,0.20916746980355422,189.57572034623456,184.01524353027344
76,0.47300136542072024,0.35747470063850556,0.5646074156131656,0.3566483781165259,0.43456626186485475,0.20878536001861933,188.94576581875393,184.043212890625
77,0.47258832565284176,0.3573013783476802,0.5636418137921445,0.35592718394883155,0.4349839918090068,0.20908882424216158,189.06698520528948,184.12396240234375
78,0.47318825738180575,0.35707561291439577,0.5637063060658416,0.35595384521048473,0.4351719262302473,0.20887422855926793,189.5604564259976,184.1409454345703
79,0.4724441030892644,0.35697512689438415,0.5625530608189881,0.3563898773504814,0.43686168963710914,0.20674843301240947,189.2418543740178,184.19839477539062
80,0.4727282812766684,0.3562243768763212,0.5621083757715144,0.35556546431672575,0.4372327116688901,0.20720182401438414,188.82913223923762,184.28762817382812
81,0.4702901519030551,0.3513607676478807,0.5589254671684637,0.35069299528567227,0.44040676046932786,0.20890024424499987,189.9634049857917,184.94786071777344
82,0.4700025601638505,0.3507586940693492,0.5576714619545383,0.34997249200634045,0.44154233598245296,0.20848517201120656,190.33033015039518,184.9640655517578
83,0.47047021676053935,0.3509542043580865,0.5558365091774489,0.3500980415275251,0.4433073279919898,0.2065946304804851,189.69949228818587,185.02613830566406
84,0.47157194060419866,0.35045458822848125,0.5557793509812012,0.34971262495747285,0.4434786857477904,0.20680868929473675,190.09838432973572,185.02615356445312
85,0.4715890083632019,0.35054867102901155,0.5565663182581504,0.3499189298743413,0.4428039405871793,0.20727712953847935,189.3730727749146,185.00140380859375
86,0.47219662058371736,0.3506614617219692,0.5569579989879274,0.34975963276223526,0.44214017205233863,0.20810019518542616,189.53404359141183,184.98977661132812
87,0.4731780167264038,0.3503201255252764,0.558488286111061,0.3495301819755803,0.44072177033924287,0.20974804768517682,188.999518459069,184.9991912841797
88,0.47453661034306194,0.35396952138430604,0.5599321658376224,0.3535163345094612,0.4396146472875327,0.20686901820300613,189.37780679132902,184.582275390625
89,0.4743667861409797,0.3538066034256642,0.5599113450616429,0.35339463141097716,0.43967668292367,0.2069286856653528,188.61690380543408,184.64100646972656
90,0.4748583376002731,0.3537386847435208,0.5610030928816995,0.3533576906004072,0.4386159129751869,0.2080263964244059,189.237682836753,184.67431640625
91,0.4745767195767196,0.3542542918744347,0.5620103253139223,0.3538514931425314,0.43758687595417445,0.20856163090329413,188.53572051522272,184.68797302246094
92,0.4750494965011094,0.35480173821504213,0.5633156865105099,0.3543670048126065,0.43624958008705444,0.20938341510033898,188.9293163008858,184.65150451660156
93,0.4757876770779997,0.35429431346945806,0.5632865075834756,0.35388177813490984,0.43630095708197614,0.20981726478311402,187.77003666183583,184.68170166015625
94,0.47576036866359445,0.35377832307317003,0.5621242125504039,0.3533388580366496,0.4374363224130756,0.2092248195502748,187.54807030005597,184.68319702148438
95,0.4764772145417307,0.35432965096286106,0.56177104825768,0.3539517423200367,0.43785104309949563,0.20819721458046767,188.2614912883998,184.7318878173828
96,0.4776489161973033,0.35423228856423605,0.5628389037875039,0.3537999210303926,0.43672872867865264,0.20947135029095476,188.19308605007245,184.72879028320312
97,0.4773024406895375,0.3528248552215883,0.5632528343313017,0.3525030260878272,0.43642533653493726,0.21107163737723558,187.5735477907324,184.7794189453125
98,0.47755077658303463,0.35287547757838716,0.5633298427073914,0.3522285800062188,0.4360232597204402,0.21174816027334104,187.9067556121045,184.76104736328125
99,0.4782010582010582,0.3519351983381993,0.5636506078278809,0.35149262254709507,0.4359068163810149,0.21260056107189002,187.8383545460386,184.80323791503906
100,0.4776839051032599,0.35129075480125055,0.5636176864671728,0.3508941491737383,0.4359857079053149,0.21312014292094686,188.21496025011166,184.81024169921875
101,0.47752005461682884,0.35122007012677864,0.5639897919429264,0.35043373519813853,0.4352238731284335,0.21434239167342795,188.44931535247463,184.8839874267578
102,0.47811230585424136,0.3508028530018634,0.5636695629823723,0.349892548353241,0.4354201323690054,0.21468731927775359,188.1799850781434,184.88905334472656
103,0.477805086192183,0.3500675130203682,0.5623781014910019,0.34946561122502195,0.43701999671365194,0.2135143920613261,187.6929622141413,184.9041290283203
104,0.47708226659839564,0.3480256508867801,0.560382437907503,0.34771440581706303,0.43930631702277995,0.21297927716015705,188.9553363324956,185.12252807617188
105,0.47708141321044545,0.3479940756004894,0.5586054049412926,0.34769892888574067,0.4410994483439586,0.21120162277030072,188.31237791658617,185.18324279785156
106,0.4763099505034989,0.3493030422474648,0.5567724943562548,0.3488855842620131,0.4428100476582936,0.20830436807969327,187.58378363851364,185.1529998779297
107,0.4774048472435569,0.3511796976527601,0.5576746040116334,0.35074174640656536,0.44188744474217184,0.20737080885126283,187.69123007098386,184.8988800048828
108,0.4746330431814303,0.3470814042342788,0.5557837011731919,0.3464736818447431,0.4436085764372724,0.20991774171798444,188.65102890277342,185.58726501464844
109,0.47349974398361494,0.3470722559552453,0.5554684444540567,0.34671720312086035,0.44417650271155834,0.20910629416758134,189.28555800067406,185.6116180419922
110,0.47187233316265575,0.3469381849748617,0.5546786269758021,0.3464625456649908,0.44484573371432706,0.20869172062068217,189.23476326545375,185.68800354003906
111,0.4710112647209421,0.3455758056713611,0.5542739943942269,0.34512647414260117,0.44527667407701327,0.2095968517803856,189.79370247367876,185.8057861328125
112,0.47023041474654376,0.3454128373767731,0.5541726556034671,0.3448538699420706,0.4452683769618305,0.20987775309609885,189.5122029124381,185.83612060546875
113,0.4697388632872504,0.3434379768912143,0.5540549378678875,0.3427530702710559,0.4452601555119541,0.21198677421699005,190.11119468061915,185.9199981689453
114,0.4702747909199522,0.34420434501731184,0.5541366945640103,0.34355832674007564,0.4452172871587535,0.2112243861011708,190.3549253449665,185.92767333984375
115,0.4696569380440348,0.34389218379777015,0.5535792159085954,0.3432671202011833,0.4457957204948178,0.21093715930399895,190.610787071359,185.93429565429688
116,0.47023041474654376,0.3437704168300013,0.5541381738461315,0.34317152314996296,0.44526293247383014,0.21156554437620687,190.27467260478824,185.92247009277344
117,0.4710215053763441,0.3439558070307985,0.555461342928527,0.34361881571104264,0.4442016657517171,0.21217951853724026,190.06755407714203,185.93055725097656
118,0.4721437105308073,0.34599770812170816,0.556176322800574,0.3454699254235818,0.4432958945012996,0.21123418007511865,190.1515730454869,185.54891967773438
119,0.472083973374296,0.3460505289341056,0.5563497400522065,0.34573598848854276,0.4433357195022307,0.21092829200922653,189.8328795997021,185.55682373046875
120,0.47138590203106334,0.3437351775078299,0.5566377609211217,0.34349258649093906,0.44311964806198745,0.21338776544707352,191.08495030504915,185.72642517089844
121,0.4698967400580304,0.3474633371169126,0.5583600454029511,0.34731986379114643,0.44149648127128266,0.21118365493757094,190.59514551645856,185.2740020751953
122,0.4690988223246288,0.3516727610107515,0.5608342884171078,0.3514344448689261,0.4389273954410668,0.2096381596900071,190.81305281158473,184.59075927734375
123,0.46954173067076294,0.3557411819872085,0.5628624758955233,0.355048717850853,0.4364450599681212,0.20850622218102577,190.81613168814033,184.07064819335938
124,0.46730244068953747,0.35419523909530026,0.5612973328341718,0.3533971894774327,0.4379046175479606,0.20869819297460668,191.6139996530219,184.39088439941406
125,0.4669312169312169,0.3543342776203966,0.5612007676139998,0.3536233208443754,0.438088275609979,0.20828840354564562,191.15195467422097,184.4429168701172
126,0.4670779996586448,0.35392693880384857,0.5615542587361736,0.3535651773544641,0.43808397981444197,0.20835084283109395,191.60213548879818,184.5078125
127,0.465873869260966,0.3539166640716161,0.561562232671626,0.35366570741384584,0.43818681067060383,0.20814748191555033,191.33698533277402,184.5240936279297
128,0.46505291005291005,0.3534587640311295,0.5615571365393826,0.3532330548363241,0.43821715426581204,0.20854979089786382,191.59174711762017,184.63038635253906
129,0.46538829151732375,0.3536954791672015,0.5620271315981531,0.35336541106314934,0.4376428002977948,0.20899178863905585,190.89849672315722,184.6582794189453
130,0.4642985151049667,0.3544778656961944,0.5610450957146664,0.35414886088978337,0.43862589947892255,0.20722523963129405,191.07859906445003,184.68690490722656
131,0.46298259088581667,0.3532016154153833,0.5590527959183297,0.3529454050796003,0.44069099374588727,0.2063636011745124,190.64589519707,184.8038787841797
132,0.4633205325140809,0.35367338405913223,0.5578677482276362,0.35310976407162026,0.4415686317848519,0.20532160414352785,190.67553723483613,184.79856872558594
133,0.4623357228195938,0.3532952479396048,0.5572563749965391,0.352872555443781,0.4423209325076371,0.20480651204858194,191.27772742794386,184.79269409179688
134,0.4613756613756614,0.3527911364308967,0.5580182746374667,0.3525617786327316,0.44175236756436814,0.20568585380290028,191.27822210713228,184.827880859375
135,0.4594410308926438,0.3503017424722265,0.5582226448948963,0.3500212677827454,0.44149688041562263,0.20848185180163195,191.4593896796459,185.16250610351562
136,0.4583290663935825,0.350401251233545,0.5579161003221181,0.3500083787960601,0.441691027240397,0.20830059396354292,190.97469789785316,185.20965576171875
137,0.4584383000512033,0.35084829057442507,0.556694179799627,0.35053183370005103,0.442989363325999,0.20647880297395002,190.89287562500232,185.23704528808594
138,0.4593463048301758,0.35037212361266445,0.5564353418966972,0.3499819790362314,0.4431745135268698,0.20684350743689875,191.0788798020295,185.26234436035156
139,0.4586320191158901,0.35002837605247245,0.5556793971251802,0.34977717821091314,0.4440694050332605,0.2061534167558264,191.28138251849094,185.30979919433594
140,0.45849803720771465,0.35031120409181266,0.5554639397842418,0.35006923918789135,0.44429409531183695,0.20563666550027174,191.33509905670914,185.335205078125
141,0.45862604540023894,0.3495956592447592,0.5553721684052265,0.34940400209892486,0.4444361744489392,0.20615982345213596,190.97516458324804,185.4138641357422
142,0.4586857825567503,0.34910732890780816,0.5551175096002143,0.3488877891227339,0.4446629506147114,0.2064492602625547,191.05396585598191,185.42758178710938
143,0.45959549411162315,0.34932987221337136,0.5548208721873759,0.34897521882671007,0.44482447442596285,0.2062003067473271,190.52977417306343,185.44320678710938
144,0.46106332138590206,0.349158019819573,0.5552293836090576,0.3488341100996902,0.4444467066710595,0.20671918322925034,190.57331280054194,185.45205688476562
145,0.45998975934459807,0.3484608991198777,0.5546291761283524,0.3482549683126289,0.4451648930643988,0.20658013862297223,189.85341993558632,185.4871826171875
146,0.4596134152585766,0.3479942440699995,0.5546989741447338,0.34783084992805086,0.44513763171331755,0.20703151835863157,190.38733138374414,185.53555297851562
147,0.45992404847243556,0.3467498176973646,0.555634311118698,0.3465995223949278,0.44421539357886514,0.20918508402620706,189.59552008668885,185.6092071533203
148,0.4594410308926438,0.34636209468156837,0.5563744838615606,0.3462097839230422,0.4434732053799132,0.21031701069704462,190.11499648013552,185.5996856689453
149,0.4594478579962451,0.3454078059961254,0.5567525599900442,0.3452183490873563,0.4430579831011867,0.21172366781145693,189.48500782902815,185.66317749023438
150,0.45994794333504013,0.3440804353513295,0.5565535552269434,0.34376687255434935,0.4431328819760765,0.2131002454695742,189.06057884805563,185.7139434814453
151,0.4592251237412528,0.3436947149334721,0.5559912287222181,0.34328588418940015,0.44359994053370994,0.21311417527688992,189.25946629004682,185.68798828125
152,0.4586362860556409,0.343717321325568,0.5559123978936792,0.3434475187466275,0.4438177995273803,0.21273468172599222,189.45164207431665,185.70684814453125
153,0.4589016897081413,0.3438978988025834,0.5556318004392449,0.3437100760403242,0.4441803767984959,0.21210954716117983,188.60877448437074,185.75311279296875
154,0.4577820447175286,0.3436745589817105,0.555503151395618,0.34347509176424096,0.4442973813869123,0.21222752684884671,188.26370871075204,185.76441955566406
155,0.45744837002901517,0.3443263350732597,0.5558859633085714,0.34418455408012116,0.44397225569829,0.21184319022158876,187.63787268813033,185.73672485351562
156,0.45611452466291175,0.3416417980261004,0.5533448711352261,0.34153515131671264,0.4465484821553861,0.21191636652790122,187.96277468543897,186.13963317871094
157,0.4558815497525175,0.34345809263162624,0.5538579039389594,0.34328400118307306,0.4459680046124874,0.21074799420443951,187.80170422424476,185.9861602783203
158,0.45534647550776586,0.3437511127770229,0.5547055240594105,0.3435618235487045,0.445105186712271,0.2113329897390245,188.4600234268847,186.03204345703125
159,0.45612817887011436,0.34492068154562006,0.5563199380345039,0.34481590896759723,0.4435752893874733,0.21160880164492948,188.14961149953882,185.79446411132812
160,0.45538658474142346,0.344730914392585,0.5559703310583147,0.3446072313360394,0.4439059858851397,0.21148678277882096,188.3844856471435,185.83609008789062
161,0.45554872845195427,0.34364720163653123,0.5554015271294014,0.343471109679063,0.44442238091313047,0.21210650940780648,188.3606925284557,185.89447021484375
162,0.4561623143881208,0.34389586385074017,0.555747000641684,0.34375181233642205,0.44410894784399785,0.21213923981958016,188.75116504000704,185.92959594726562
163,0.45551032599419694,0.34375111237674866,0.5556150904795538,0.3435469034241532,0.44418070056785075,0.212272396007996,188.61057540087717,185.9784698486328
164,0.45513483529612564,0.3434065779531132,0.5552222182638419,0.3432659512831715,0.4446371550662164,0.2120968936506121,188.7696253893015,186.0552215576172
165,0.4554130397678785,0.34252032687907685,0.5544914017160965,0.34228984002713375,0.44527811143196044,0.2124320485409058,188.44628813105146,186.0998992919922
166,0.45434118450247485,0.34225211637180525,0.5544095853282419,0.34197412832904767,0.44531242662900056,0.21271344504195178,188.40732197965053,186.1085205078125
167,0.4537310121181089,0.34233808930902304,0.5547282021960496,0.342165053547045,0.44509876204197246,0.2127361844109825,188.63410459635648,186.1398468017578
168,0.45205239802013997,0.3402622164748969,0.5542395439056851,0.34005078202429606,0.44554902164371407,0.21440019633198984,189.3876480749082,186.53224182128906
169,0.4514217443249701,0.34131416170109796,0.5551707449865401,0.3411553643265479,0.4446704576389099,0.21417417803454222,188.9470921176008,186.41856384277344
170,0.4511162314388121,0.3425838696374319,0.5555883454592919,0.34241550609324695,0.444243290996523,0.21334120291023007,189.34609680336274,186.2935028076172
171,0.45098139614268645,0.34250842069409226,0.5558944858645877,0.34233811452143964,0.4439352079627597,0.21372667751580063,189.39971426408812,186.35157775878906
172,0.4507100187745349,0.3421087510555873,0.5563541623275559,0.3419383423397495,0.44347542895660635,0.2145862287036441,189.55918294701047,186.36343383789062
173,0.4510855094726062,0.3416007355528565,0.5558437479899051,0.34148533245551305,0.4440408489127515,0.21447381863173548,188.96563068738627,186.39930725097656
174,0.45181600955794504,0.3409332159761861,0.5558441215024233,0.34080288910127343,0.44402555162266405,0.21517155927606255,188.88693482522976,186.48080444335938
175,0.45145502645502644,0.3407805071689839,0.5558953904898727,0.34063684394582383,0.4439609462869673,0.21540220976720886,188.52499645567707,186.52513122558594
176,0.45151988393923875,0.340090835035939,0.5558249904080772,0.3398867113596716,0.44397088591565537,0.21614240272467308,189.17738725474445,186.58213806152344
177,0.45255333674688514,0.3407454620197548,0.5555551365071224,0.3405455759171189,0.44424497739024177,0.21520944669263928,188.60821192452602,186.59378051757812
178,0.4516589861751152,0.3401485865009995,0.5542178235780929,0.33981982186247056,0.4454534117833781,0.2147267663541513,188.9766104743658,186.64724731445312
179,0.45169141491722137,0.3401770667230942,0.5537340447238953,0.33991445175819773,0.4460033403112082,0.21408220793059407,188.79835893986683,186.71031188964844
180,0.45246970472776926,0.33994085295471177,0.5536548196543217,0.3396862339778651,0.44609056136883163,0.21422320465330325,188.53395862724537,186.7822265625
181,0.45292285372930535,0.3395423328026228,0.5529388489547514,0.33923144318727805,0.4467502614299038,0.21401829538281816,188.17704315713115,186.7675323486328
182,0.4532607953575695,0.339010526593251,0.5519787020527892,0.33878647640600906,0.4477972477599688,0.21341627583402212,188.3730925138996,186.83375549316406
183,0.45417818740399385,0.33763054155721656,0.5520136939455774,0.33737312243755235,0.4477288869347583,0.21489799062768927,188.21836845131398,186.93028259277344
184,0.453989588667008,0.3362745190183934,0.5520587986503379,0.33604894874855495,0.4477156310798237,0.21623542017162137,188.39253738357286,186.96762084960938
185,0.45489588667008024,0.3357565092759175,0.5536528673831763,0.33561205672295313,0.44620268006385927,0.21818526321318757,188.00220243243092,186.98826599121094
186,0.45540450588837683,0.33434337187970237,0.5531038540747278,0.33413536765215696,0.44668814169772675,0.21917649065011627,187.5336526479313,187.1077880859375
187,0.45539426523297494,0.3343152852814023,0.5526571732151992,0.3340435619369939,0.4470711034403923,0.21888533462261375,187.97282953951327,187.06451416015625
188,0.4554565625533368,0.33492347818266305,0.5523810951388785,0.334657413097897,0.4473528397763554,0.21798974712574762,188.0530069101974,187.0900115966797
189,0.45580645161290323,0.3338706718041467,0.5522191891618643,0.3336310225906829,0.4475411616246719,0.21882781578464522,187.9623451173345,187.1370086669922
190,0.4553592763270183,0.3340636068891846,0.5523904121141701,0.3338574560992522,0.4474034370958976,0.21873910680485018,187.94488464926255,187.16773986816406
191,0.4556289469192695,0.33432664176840116,0.5530542829636678,0.3341487078249729,0.446767783092904,0.21908350908212307,187.73519121343458,187.1603240966797
192,0.45541389315582864,0.33345013810446467,0.5529800207625165,0.3331803003444179,0.4467501414774367,0.22006955817814539,188.09370678379625,187.2504425048828
193,0.4548310291858679,0.33402755497015785,0.5533528090646583,0.3338755767199341,0.44649521268511794,0.21962921059494794,186.2433209311576,187.1595458984375
194,0.45139102235876427,0.33029644194048474,0.5487957046167807,0.33019056981888306,0.4510984232616176,0.21871100691949938,190.53607025371497,187.6505889892578
195,0.45149172213688343,0.33112626592925537,0.5497393480487962,0.3310147469653611,0.4501491329873095,0.2188361200473294,190.79551580356028,187.5883026123047
196,0.4503353814644137,0.3374587599464092,0.5529890866642789,0.3372635743969619,0.4468157277862737,0.21592069781676435,189.92041546096954,186.8177032470703
197,0.4509395801331285,0.3463402540825229,0.5591386250475482,0.3462134588416971,0.440734579711626,0.21305196144667693,189.49157947128276,185.58895874023438
198,0.4496714456391876,0.3517122930208284,0.5618048109313469,0.3515433885277791,0.4380262845756037,0.21043032689661717,189.12397969350477,185.04229736328125
199,0.44909284860897764,0.35203811138115754,0.5628630662027527,0.35190129349906035,0.4370001159151501,0.21109859058578956,188.19329706392625,184.98348999023438
200,0.4491884280593958,0.3521189910308364,0.5627375992431022,0.35198220226119437,0.43712561198725586,0.2108921857515498,189.048149646914,184.9264373779297
201,0.45094128690902885,0.3539598760817769,0.5640020211463382,0.3536930393461175,0.4357311421180024,0.2105758185358801,188.24166892184712,184.72518920898438
202,0.45071769926608635,0.3536659023650433,0.5639618215245261,0.3534727757781392,0.43584505188856976,0.21068217233329103,188.82302788407102,184.7353515625
203,0.45092933947772657,0.35332201612796393,0.5639223389900435,0.3531725078964949,0.43592815277848745,0.21089933932501764,188.07813602978052,184.79981994628906
204,0.4519516982420208,0.3529495068892007,0.5632943540088029,0.35273991355691214,0.43649605265890856,0.2107640337841793,188.77787449702322,184.85385131835938
205,0.4522230756101724,0.35278299349895736,0.5623807591783588,0.35262070332034384,0.43745695064302764,0.20992234603662852,188.26795618165178,184.86244201660156
206,0.453805256869773,0.3542177148348249,0.5625769836150659,0.3540973618244012,0.43730266337451035,0.20859997480108844,187.15177642923902,184.73374938964844
207,0.4550136542072026,0.3538771720884871,0.5618200061892213,0.3537984001800501,0.4381012219023416,0.20810037791760833,186.73762765269092,184.7875518798828
208,0.45159327530295273,0.35106967989916416,0.5585673602594217,0.35099220109717544,0.44135516093858956,0.20765263796423503,187.43510961360755,185.28225708007812
209,0.45136968766001023,0.35122467693296655,0.5589329098248301,0.35109611185162076,0.44093852509382414,0.20796536305455507,187.784935197527,185.35226440429688
210,0.4524586106844171,0.35221835149974257,0.5598529586507504,0.3520844374951668,0.4400131273446739,0.20790243516015927,188.2713701288781,185.2437744140625
211,0.4532283666154634,0.3543710800180006,0.5599753715450966,0.3542449250884497,0.43989847352535244,0.2058566013861979,186.98957433067278,185.07205200195312
212,0.45410394265232973,0.3550145738077385,0.5602186728908384,0.35494504048906356,0.4397117937904867,0.20534316572044975,186.94771846147196,184.94895935058594
213,0.45488393923877796,0.35475477128057736,0.5608620854618758,0.35468160507886004,0.43906474833640696,0.20625364658473302,186.99202676006925,184.9920654296875
214,0.4545818399044205,0.3538021960693025,0.5612385695700413,0.3537139628181325,0.4386731971787887,0.20761284000307878,186.3367975835353,184.992431640625
215,0.4546953405017921,0.3527923545265497,0.5609220513051508,0.35268349811941174,0.43896909228771125,0.20834740959287704,186.54098256045285,185.0316925048828
216,0.4542720600785117,0.35106027246973603,0.5608867665071123,0.35090810721451166,0.43896106823766334,0.21013082454782497,187.0680047190015,185.26089477539062
217,0.45470558115719406,0.3520937495308019,0.562378946894284,0.35194172935153073,0.43746903292644473,0.21058923772202454,186.58094980706574,185.0568389892578
218,0.4540595664789213,0.35098587208002,0.5621246948222687,0.35068891699729543,0.43757835009500684,0.2117327329076977,186.6179654066123,185.1184844970703
219,0.45440092165898616,0.3510752779045462,0.5615484152069518,0.3508705703827655,0.4382468772712675,0.21088255234596698,186.1711880736271,185.13665771484375
220,0.45389486260454004,0.3514779816272275,0.5612626298709845,0.35131064876267687,0.4385700372644649,0.21011931397285824,186.28163061176144,185.1341094970703
221,0.45389486260454004,0.350654478316293,0.561696943260998,0.3505661115226539,0.438214689945363,0.21121919853198315,185.97060582017545,185.15298461914062
222,0.45447004608294933,0.35033086219458154,0.5618836236358037,0.350220074059052,0.4380055882286667,0.21177433771228132,186.08304979081697,185.19912719726562
223,0.45328383683222395,0.3503383174121448,0.56133203302972,0.3502705409689772,0.43860019052711247,0.2111292685039103,185.66037412596629,185.1815185546875
224,0.4526079535756955,0.35032600128967545,0.5617196426618599,0.35026189461617074,0.4382162506646354,0.2115218547191939,185.90889310400743,185.17404174804688
225,0.4524773852193207,0.3504120042322614,0.5622740294938072,0.3503101583703153,0.43762412464424677,0.21206571698543794,185.43989491015876,185.1912078857422
226,0.4518023553507424,0.3500515656697304,0.5623755718500554,0.3499099017418997,0.4374827642221139,0.21260733403598642,185.88869748518195,185.19593811035156
227,0.45017153097798257,0.3474031821137379,0.5618271467324852,0.34729702319003775,0.4380666943438146,0.21463628246614763,186.0809727190523,185.51687622070312
228,0.4508977641235706,0.347869453140082,0.5620180860849191,0.34768965217029235,0.4378021129452913,0.21450823488441637,186.02943815035903,185.52601623535156
229,0.450699778119133,0.34776286141669666,0.561431844432242,0.3474409709730559,0.4382462651241172,0.21431276390282697,185.61531441122452,185.52484130859375
230,0.45121607782898104,0.3476580895911941,0.561177149233548,0.3472779369627507,0.4384426981380086,0.21427936489924065,186.0758697646269,185.5322723388672
231,0.4522930534220857,0.34693026564301305,0.5610541191742595,0.34665479238561725,0.43867040756834474,0.214674800046038,185.49987452759166,185.58685302734375
232,0.4520131421744325,0.34718475123142944,0.5606369260802501,0.34708280076802683,0.43926112345634727,0.2136560757756259,185.52053263453215,185.5588836669922
233,0.4520814132104455,0.3465622398532135,0.5596990272751813,0.3464546417265535,0.44019337459815877,0.21335198367528774,185.2163779450268,185.5979461669922
234,0.45313022700119476,0.3467168131259675,0.5592981253460595,0.34657368101879926,0.4405587425467722,0.21286757643442855,185.4458226141196,185.61302185058594
235,0.4545093019286568,0.34855255598072826,0.5605526911681318,0.3484549206337285,0.4393496734848684,0.2121954058814031,185.08744747406092,185.3438720703125
236,0.4550341355180065,0.3489119651018644,0.5615134028120305,0.34881444236687675,0.43838907445298186,0.21279648318014138,184.99494382127833,185.3596954345703
237,0.4558994708994709,0.3490602239139835,0.562783706429712,0.3489685019177385,0.43712457157404305,0.21390692650821846,184.7902430258525,185.3244171142578
238,0.4556716163167776,0.34955501951471657,0.5634003550854377,0.34945763321322354,0.43650225861306924,0.2140401081737072,185.1429855643536,185.27377319335938
239,0.4560232121522444,0.3494782621713875,0.5638848134618839,0.34942024971555186,0.4360571740822804,0.2145225762021678,184.73886722258817,185.24264526367188
240,0.4567724867724868,0.35021840424776646,0.5657417337074915,0.35009696476012897,0.43413682680487103,0.21576620843499997,184.91826188332095,185.22665405273438
241,0.45398361495135686,0.35406915323566013,0.5667583997834497,0.3538548586595686,0.4330273056404588,0.21311783569997256,185.01577884799747,184.65036010742188
242,0.4504394947943335,0.35126793918438876,0.5639444891772841,0.3508397669682186,0.43562733860654573,0.21353289442523563,185.80295552503196,184.925537109375
243,0.44919610855094727,0.35139864125478754,0.5629274575962064,0.3507793026931728,0.43645320384217884,0.2127674934646483,182.54473866192473,184.8945770263672
244,0.4483828298344427,0.3507208587497502,0.5620357241418688,0.3504315636211376,0.43767498072951855,0.21189345564934386,188.07110760065854,184.9469757080078
245,0.44927291346646187,0.3511429211826964,0.5621986939129048,0.3509947612155196,0.4376531461199184,0.21135209266456204,187.72795360693542,184.86871337890625
246,0.452037037037037,0.3462979779005734,0.5619986520595737,0.34614883603267527,0.4378522060725283,0.21599895789479645,187.1215506223369,185.67691040039062
247,0.4492899812254651,0.3438263327242544,0.5583386200373045,0.3436534859956161,0.4414885332340573,0.21485798077032658,186.4376536151558,185.92364501953125
248,0.4484195255162997,0.34386953857396785,0.5573766124028943,0.34376296488016167,0.4425168139032996,0.21372022121653872,186.45120637615184,185.94186401367188
249,0.4499146612049838,0.34589063181654367,0.5578365357258018,0.34576354773240264,0.4420363801900571,0.21220007207754027,184.98970618918457,185.6940155029297
250,0.4485202252944188,0.3464903268033548,0.5564542520967471,0.3463818743626041,0.4434372954625021,0.21018083017489383,185.71740338219402,185.66746520996094
251,0.4473732718894009,0.3456141555647118,0.5560305360985213,0.34551114773611685,0.4438664560728838,0.2106223961909994,185.3653477849502,185.67913818359375
252,0.447078853046595,0.34430516504513375,0.5563737981663984,0.3442173598505021,0.4435383966389699,0.21224424351052804,185.1645221202282,185.78013610839844
253,0.446005291005291,0.34358981227601226,0.5567639759753095,0.34352284316408005,0.4431690549127584,0.21330810192316155,184.73945571332627,185.79437255859375
254,0.44609233657620756,0.3437389402962518,0.5567873342120517,0.34364902789388807,0.44312275338558454,0.21322821872052738,184.49149562585728,185.77349853515625
255,0.4463662741082096,0.34390270948204005,0.5566024028203697,0.3438147641152314,0.44330965181282167,0.21287558407194695,183.91308129975604,185.79237365722656
256,0.44552483358934974,0.34419786004068453,0.5560427225676448,0.34402546804427026,0.443784885435941,0.2121896465197887,184.3412786889014,185.773681640625
257,0.4435850827786312,0.3422381601906913,0.5546111625204648,0.34203038517255907,0.44518106246140293,0.21278855236603803,183.97125394147287,186.1881103515625
258,0.4438325652841782,0.34239727120478847,0.5550460215004144,0.34218576650265436,0.4447424737974516,0.21307175969989406,184.66359215740565,186.19154357910156
259,0.4424236217784605,0.341838466761311,0.5551296987840256,0.34165522189988273,0.44468705635454603,0.21365772174557127,183.79150399666688,186.21328735351562
260,0.4418467315241509,0.342157309620748,0.5563952904456926,0.3420433563300087,0.44349075626356815,0.2144658874064231,184.6393610117507,186.14723205566406
261,0.4413457927974057,0.34183603425572684,0.559066765409373,0.3417586900993679,0.4408558904342681,0.217385419466364,183.47192697164758,186.1757354736328
262,0.44035074244751665,0.3485464231797102,0.5626033181977624,0.3484378966788953,0.4372881553014227,0.21427394801968205,184.68604639895506,185.24722290039062
263,0.43997354497354496,0.3556572355162629,0.5669687970967549,0.3555234007227079,0.4328973681096902,0.21157923116760188,183.73550753451096,184.1221923828125
264,0.43854241338112304,0.3591063352818924,0.5688910337741592,0.35892730655167315,0.4309299374956216,0.2101427559527053,184.498414038966,183.63275146484375
265,0.43607185526540365,0.35723860983308836,0.5685621412594009,0.35710749155069876,0.4313067404582095,0.21158576799109177,183.84120010411183,183.91676330566406
266,0.4361469534050179,0.3564492238938555,0.5689573195428478,0.3561381161742751,0.43073157273757184,0.21313031108815306,184.6807310835745,183.93191528320312
267,0.43830090459122717,0.35906666848390095,0.5713365044071176,0.3588369181524179,0.42843374526139943,0.21272933658618265,183.98153625090293,183.62091064453125
268,0.4373664447857996,0.35935774410445925,0.5710586802886211,0.359082625374142,0.4286662009810617,0.21225117364479634,185.24261179381315,183.60377502441406
269,0.4376915855948114,0.3596952155153084,0.5712232909003347,0.35945734635504506,0.42853883993940184,0.21200381370555307,183.50378153472403,183.58370971679688
270,0.4390800477897252,0.3597200464904745,0.5711350905903435,0.3595354062280132,0.4286802691471952,0.21178432462479155,184.13981932464424,183.5835418701172
271,0.43907492746202426,0.36046086746950484,0.5700844301740692,0.36029177388884137,0.42974647624526735,0.2099617498658913,183.8212544800081,183.5384063720703
272,0.4393710530807305,0.36004117664196716,0.5691155762302007,0.35993435044818445,0.4307775975760165,0.209288051975799,184.53515844266832,183.55618286132812
273,0.4397849462365591,0.3594209647999379,0.5685799666239764,0.3593239414755307,0.4313230100516164,0.20935304847285288,183.93143167617495,183.58743286132812
274,0.43974654377880185,0.35928933911642846,0.5682453740090627,0.35923500130992925,0.43170028818443806,0.2090647105056327,184.86550034446287,183.60739135742188
275,0.4405871309097116,0.35860966917176723,0.5683660029441389,0.3585360657007825,0.4315603935848764,0.20990354071434106,183.7920198341985,183.60638427734375
276,0.44221880867042157,0.3591680303825609,0.5697791552165993,0.3589036496124988,0.4299564640133387,0.21113988637416248,184.78615455275263,183.64193725585938
277,0.44254565625533365,0.36045123656173167,0.5695376753603625,0.3603432483247361,0.43035433640264187,0.20930241527262208,183.99111603914574,183.5618896484375
278,0.4436251920122888,0.36095529393659587,0.5679343644198215,0.36083217913204063,0.4319425207756233,0.2072253000923361,184.7848010926439,183.5221405029297
279,0.44452722307561016,0.36113281512467915,0.5672426602572102,0.3610464256849243,0.432670950303035,0.20628262401204076,184.4645774500525,183.55258178710938
280,0.4449658644819935,0.36141546687737697,0.5676424164430747,0.3613195732349337,0.43226168991448205,0.2064187368505843,185.0272606446738,183.55780029296875
281,0.4458610684417136,0.3611664050836428,0.5687306205259732,0.3610094552693029,0.4311124296596869,0.20787811507101023,184.22431190904567,183.57363891601562
282,0.4474167946748592,0.3613964213983669,0.5697361920947275,0.36131249725816017,0.43017988376506583,0.208507618976774,185.39694783161002,183.5727996826172
283,0.44990868748933266,0.3669117967841609,0.5722577451190528,0.36682833747152427,0.4276587955683105,0.20551286696016524,183.95551618636463,182.8465118408203
284,0.44846134152585765,0.36710072368208224,0.5713434835311423,0.3669998686982286,0.428555661485004,0.20444446981676742,184.73572188381885,182.88697814941406
285,0.4458380269670592,0.3643510268302347,0.5709516818424564,0.3641672712098968,0.42886456253720573,0.2069681662528975,184.07174699913674,183.1696014404297
286,0.44429254138931557,0.36177111224650516,0.570784561543692,0.36154061872145243,0.42898494493125533,0.20947443634729226,184.81812716327778,183.46710205078125
287,0.44631763099505034,0.3639269973900324,0.572535110278301,0.3635866499679729,0.4271245422996396,0.2092888077323875,183.6580560043595,183.224365234375
288,0.4456792968083291,0.3611662680685576,0.5704522955612957,0.36102840226942423,0.42940983863957094,0.20956175909100483,184.65200948976252,183.53810119628906
289,0.44478323946065884,0.3611148951356205,0.5689441804154667,0.3609633209707654,0.43090424541967814,0.20813243360955647,183.52655905540516,183.5791473388672
290,0.444431643625192,0.3606651497258946,0.5689641598740363,0.36051729600506927,0.4308879864051384,0.20859471758979234,184.36356461879663,183.60887145996094
291,0.444837002901519,0.3606645436058781,0.5693799639335456,0.36050723247515637,0.4304627249357326,0.209030042589111,183.19307255496298,183.6249237060547
292,0.4459916367980884,0.3631386896231054,0.5704890616957481,0.3629396895982304,0.4293119382793769,0.20774837212239267,183.8436854804607,183.38119506835938
293,0.44645929339477725,0.36397590799008334,0.5697920907712922,0.36375417892388767,0.4299861801625121,0.20625964091360022,182.86361750971497,183.39755249023438
294,0.4457458610684417,0.3619796103958264,0.5681864739386397,0.3618130474321543,0.43164696309768824,0.20653998947015748,184.054115732542,183.71449279785156
295,0.44456818569721795,0.3608077628156523,0.5672959717436582,0.3605966080872261,0.4324928735279156,0.2069105183848583,183.3305454510553,183.7714080810547
296,0.44472179552824714,0.36161573518829454,0.5668582393859438,0.36146222115615256,0.43298824658191415,0.20554953226193332,184.00496042216358,183.78009033203125
297,0.445226147806793,0.360832330233307,0.5666454546151546,0.3607077413765344,0.4332299565280727,0.2060623020953929,183.42313442562622,183.81539916992188
298,0.44484297661717015,0.3610472176447003,0.567194930812808,0.36090909265309334,0.432666944195585,0.2064239631513217,183.83648303076927,183.7957305908203
299,0.445194572452637,0.3612681361526916,0.5673297180833424,0.36116845799811764,0.43257060376208356,0.2062609382397988,183.08503888406472,183.79649353027344
300,0.4446594982078853,0.35895841489908875,0.5655289683179414,0.3588279096903956,0.4343405264733654,0.206831563836239,183.72757421524148,184.12945556640625
301,0.44436593275302955,0.35876537329943076,0.5648520860059765,0.3586693501924303,0.43505189088702306,0.20627875892054665,183.4214377347765,184.13609313964844
302,0.44479860044376174,0.3578887791026736,0.5646153698569688,0.3577909308059054,0.43528678184626307,0.2069222873478315,183.76904732212236,184.17501831054688
303,0.4456280935313193,0.35747730219250956,0.5641944360928173,0.35730686516516114,0.43563512687983424,0.20705800795500462,184.2828048189633,184.22836303710938
304,0.4471906468680662,0.3598177925185776,0.5661179577800762,0.35956589277467566,0.43363014247602183,0.20680396474930252,184.04066463365763,184.0029754638672
305,0.4477351083802697,0.3598624622609862,0.5658469549571529,0.3595975267603916,0.43388810954225243,0.20651436369735598,183.94818319050958,184.0381622314453
306,0.4488479262672811,0.3591756027074302,0.5655011787968667,0.35881816107688796,0.4341413795725911,0.20704045935052096,184.3409574872614,184.15509033203125
307,0.44752602833247995,0.3568212718650067,0.5638096836260109,0.3564475192167975,0.43581656372578,0.20773591705742253,180.75322600021738,184.43368530273438
308,0.44846219491380784,0.35608592067104594,0.5636679175198094,0.3559622308318808,0.43620839264102546,0.2078293765270938,181.98849874787825,184.46939086914062
309,0.4486388462194914,0.3542413665198825,0.5632557564459831,0.35415576881009675,0.4366586458442312,0.20918558534567208,187.00252227918168,184.68707275390625
310,0.447863116572794,0.35427186426984447,0.563711161838851,0.35417278003681363,0.4361897539281182,0.2096374660350682,188.41012678970895,184.70468139648438
311,0.4481362007168459,0.354141672665227,0.5646644805246741,0.3540217014583167,0.4352155482684156,0.21076275027326774,187.67533506244214,184.6534881591797
312,0.44828298344427375,0.3537801400347993,0.5634839652920818,0.35374968113337574,0.4364855758064946,0.20976474306012968,187.0465202608805,184.7588348388672
313,0.4476890254309609,0.3536757389411401,0.5625388389674458,0.35358805341954475,0.4373734755109588,0.2090384710694965,186.3930217574466,184.75750732421875
314,0.4484016043693463,0.35350765172608706,0.5621206728875203,0.35333636572985916,0.4377080411162518,0.20895559315388904,186.60339108208976,184.7557830810547
315,0.44962706946577913,0.3546262571815219,0.5623632260525782,0.35447062195253887,0.4374811387184388,0.20804823932902236,186.03348435011853,184.70848083496094
316,0.4493514251578768,0.3539758807330738,0.5629987655493306,0.35380875510397874,0.4368341088215744,0.20935713607444686,185.89674864685216,184.70640563964844
317,0.44976702508960575,0.35485554145154896,0.5635012342586954,0.3547246208520464,0.4363678451418022,0.20890753400615136,184.99312761722612,184.64077758789062
318,0.4505623826591569,0.3541571569542909,0.5639365190001686,0.3540851830315795,0.43599150707712003,0.20992330989130042,184.88580958351722,184.64695739746094
319,0.4513244580986516,0.35803290839576296,0.5665598965325548,0.35794971088866284,0.43335690596034504,0.20869338315099212,184.79086604823186,184.17742919921875
320,0.4495784263526199,0.3570430662698172,0.5667139950191338,0.35684375569458787,0.4330866944056369,0.21006954989977525,184.99964693555245,184.19947814941406
321,0.44860812425328556,0.3574900271838898,0.5676753303822295,0.35730550392920396,0.4321401463630847,0.21055434970771136,184.9227285092233,184.16787719726562
322,0.44791175968595326,0.35770477248348614,0.5670736935162128,0.3575161518339071,0.4327376858342082,0.2097461623318847,185.11817750536807,184.15428161621094
323,0.4477351083802697,0.3575561891982556,0.5668437986032753,0.3574761367448385,0.4330761489433076,0.20944771431185386,184.95469602939832,184.1067352294922
324,0.44672384365932755,0.35533582567133615,0.5658040273482199,0.355261322976822,0.434121469957266,0.21061720706591197,184.62661541900124,184.34033203125
325,0.4465062297320362,0.35716988777101616,0.5674788232775756,0.3570666799180453,0.43241796886945355,0.21051535121250115,184.11059677074095,184.07659912109375
326,0.4457603686635945,0.3574516313066918,0.5680952326253681,0.3573252773087364,0.4317784133766766,0.210896309314587,184.56051399274804,184.06187438964844
327,0.44659242191500254,0.35767613129326964,0.5686839907742344,0.35759969578668377,0.43123957371917976,0.21116073049413644,184.27048805981843,184.03182983398438
328,0.4461341525857655,0.35690347756226326,0.5685929071502352,0.35667584834921,0.43117946363671145,0.21214468801407857,184.32243008531313,184.03399658203125
329,0.44490442054958185,0.3554865452229739,0.5669458835805493,0.3552429417327305,0.4328105129292073,0.21194654533806218,185.3546176288365,184.23794555664062
330,0.4453072196620584,0.3555731864602318,0.5674410849905426,0.3553489673464147,0.4323346958956404,0.21231633675794492,185.41051261855347,184.19467163085938
331,0.44481481481481483,0.35754574720758814,0.5683531772677914,0.3574267987122866,0.431527874236907,0.21104532705080636,184.73726004059597,183.91168212890625
332,0.44751749445297834,0.3628768823858078,0.5715473464009413,0.36284446444610136,0.4284202356593523,0.20873529989454634,184.80311250359935,183.1029510498047
333,0.4476241679467486,0.36356825019160155,0.572187079382147,0.36347483251545204,0.4277195029417036,0.2088056645428444,183.9100864399477,183.01968383789062
334,0.445221027479092,0.3628720936918978,0.5708037032067623,0.3628203408023615,0.42914454390370127,0.20803511529393726,185.60590557972822,183.08335876464844
335,0.4452184673152415,0.3657186888425879,0.5718938024600015,0.3656305167459896,0.42801802544340023,0.20635145781061018,184.74512897085913,182.74046325683594
336,0.443989588667008,0.3654239073398851,0.5715027091858603,0.3653681667297753,0.42844155020402985,0.20619028306619486,185.35252476132447,182.75897216796875
337,0.4432078853046595,0.3655831990310984,0.5712706820628053,0.3655158072286373,0.42866192613473353,0.20582226663662917,185.1095809962819,182.78697204589844
338,0.4434715821812596,0.3667378670669284,0.5716622406958396,0.3666339529692491,0.42823384520648117,0.20513220182426972,185.1455874995189,182.75709533691406
339,0.4441039426523298,0.36656155541591967,0.5719108917930595,0.3664212789752518,0.4279488317662726,0.20562988925847567,184.88165664554833,182.7967987060547
340,0.4437122375832053,0.36624469652384306,0.5712867973735533,0.36609083320831937,0.42855933931092316,0.20534982748075747,184.98695816071793,182.76780700683594
341,0.44391619730329407,0.3662033023120798,0.5702342069395075,0.36609372506877413,0.4296562158171867,0.20425005911403915,184.56852903124104,182.74356079101562
342,0.44480286738351255,0.3655366256091478,0.5701239399869537,0.3654618011588197,0.42980123556271826,0.20473696327846208,184.31268370361843,182.7411346435547
343,0.4447644649257552,0.3657063366431621,0.5699045426200412,0.36564109943876816,0.4300302201755648,0.204328680385667,184.44764426536193,182.72544860839844
344,0.4468399044205496,0.36774527460480855,0.5716501116295236,0.3675982177472799,0.4282028315129477,0.2041989507397724,183.51947357464664,182.43609619140625
345,0.44798771121351766,0.367782197229461,0.5715627333546687,0.36762789740776297,0.4282829668236334,0.2040891357686036,183.92624087535623,182.4513702392578
346,0.44811657279399214,0.36799637404471125,0.5713355284582263,0.36776403867431723,0.4284321361713797,0.20380382515430306,183.89640318185195,182.4656524658203
347,0.4489179040791944,0.3676531531702792,0.5709620144399117,0.36740982659179305,0.42879465898160224,0.2037955144266047,183.35283114276046,182.47215270996094
348,0.45034220856801505,0.3681124706515498,0.5714662002497579,0.36799877205515896,0.42842010115385126,0.20358112679098977,183.6040029485836,182.4672393798828
349,0.4502978323946066,0.3676920132130789,0.5707909843288942,0.3675934647186914,0.4291104671767183,0.20329606810459028,183.6803390068207,182.4664306640625
350,0.45118706263867553,0.3675101806124823,0.5710978416912394,0.36743641491126366,0.4288283926075419,0.20373519248119448,183.58385930800208,182.46055603027344
351,0.4527171872333163,0.3676592006695646,0.5722496390157099,0.3675724890385188,0.42766364935324436,0.20476386160823684,183.51865619592306,182.45140075683594
352,0.45266598395630653,0.3679986577029376,0.5727046154658261,0.3678798870358989,0.42717661386713524,0.20494349909696588,183.92336841152718,182.4416046142578
353,0.4540834613415259,0.36776703408225975,0.5712288219208976,0.3675960119903401,0.42860015598718276,0.20380383202247718,183.19304259577706,182.42835998535156
