slice,porosity,mean_pore_probability
0,0.4846338368679628,0.48407065868377686
1,0.5011180176881114,0.5005784630775452
2,0.5145998275225419,0.5138267278671265
3,0.5124137260850604,0.5118332505226135
4,0.5097526925795892,0.5090045928955078
5,0.5064080211835411,0.5055869221687317
6,0.5108205381416682,0.5098379850387573
7,0.5106270804597154,0.5096957683563232
8,0.5130252360237828,0.5114479064941406
9,0.5185987477131715,0.5169315338134766
10,0.516189739378895,0.5153699517250061
11,0.5156772384229121,0.514603316783905
12,0.5207448356124528,0.5197851657867432
13,0.5170342725839495,0.515260636806488
14,0.5126465115671558,0.5112820863723755
15,0.511768716143302,0.510466992855072
16,0.5218743951656261,0.5208704471588135
17,0.511183935128153,0.5104047060012817
18,0.5133300728116738,0.5124756693840027
19,0.5088712230258796,0.507495105266571
20,0.5128342617217516,0.5119162201881409
21,0.5153381483913329,0.514315664768219
22,0.5174365447516385,0.5165565013885498
23,0.5174931808077288,0.5159866213798523
24,0.52225375826819,0.5207983255386353
25,0.5238576793489279,0.5218728184700012
26,0.5267519533133983,0.5244287848472595
27,0.5246610944676485,0.5231160521507263
28,0.5256613875559131,0.5240179300308228
29,0.5255504848345783,0.5238348245620728
30,0.5243695535757753,0.5225958228111267
31,0.5216667157252328,0.5211483240127563
32,0.5219259783294891,0.5215561389923096
33,0.5244822743746512,0.5240616202354431
34,0.5231715095589557,0.5225204229354858
35,0.5207685200202488,0.5198755264282227
36,0.5172619157484142,0.5164987444877625
37,0.5226220019089257,0.521558940410614
38,0.5159636399516515,0.514670193195343
39,0.5229596412556053,0.5215434432029724
40,0.5201377809293073,0.5192671418190002
41,0.5202924266809178,0.5191804766654968
42,0.5237022842552187,0.5227097272872925
43,0.5184157966912802,0.5180139541625977
44,0.5221884498480243,0.5213039517402649
45,0.5299582177996833,0.5293377637863159
46,0.5302518508361359,0.5292578935623169
47,0.53357483275389,0.5329160690307617
48,0.5370689116562147,0.5365623831748962
49,0.5335926297984872,0.5333319306373596
50,0.5299997539491167,0.5297060012817383
51,0.5288555507613558,0.5280958414077759
52,0.5324807569151194,0.5320245027542114
53,0.5344294402638903,0.5334233641624451
54,0.5360298005938917,0.535060465335846
55,0.5342750618316947,0.5332071781158447
56,0.5382361299227564,0.53730309009552
57,0.5391069035449441,0.537676215171814
58,0.5399058261608481,0.5382592082023621
59,0.5356796304195447,0.5348387360572815
60,0.5350106219531847,0.5335630774497986
61,0.5356157715398345,0.5339678525924683
62,0.5355014329488997,0.5348629355430603
63,0.5380750108725735,0.5373293161392212
64,0.5341243646812919,0.5336089134216309
65,0.5359320433700517,0.5348119735717773
66,0.5203831346823123,0.5195015668869019
67,0.5168788990311581,0.5154145956039429
68,0.5042070345857591,0.502978503704071
69,0.44931049166366405,0.44932258129119873
70,0.44563281156083684,0.4451976418495178
71,0.44467920087721646,0.4443168640136719
72,0.4504865197304678,0.44965803623199463
73,0.5138979166896187,0.5118986964225769
74,0.5187611834203495,0.5165438652038574
75,0.5230538337974001,0.5215686559677124
76,0.529490631434328,0.5283922553062439
77,0.5342400560758007,0.5324456691741943
78,0.5374481568874336,0.5358818173408508
79,0.5350267113881454,0.5331755876541138
80,0.5242211359616135,0.5229166746139526
81,0.510253933918545,0.5094630718231201
82,0.4966403811300279,0.49601829051971436
83,0.4389324396366936,0.43895575404167175
84,0.43407000352510994,0.43424922227859497
85,0.44349395215923926,0.44342535734176636
86,0.5026451295222684,0.5018991827964783
87,0.512246184546576,0.5109487771987915
88,0.521540094734947,0.5202077627182007
89,0.5256577745238306,0.523997962474823
90,0.527907559027517,0.5263661742210388
91,0.5225104931334736,0.5216078162193298
92,0.5191407560185626,0.5177856087684631
93,0.5167423065279734,0.5155449509620667
94,0.5234161339099936,0.5218376517295837
95,0.5188191009441306,0.517125129699707
96,0.5203380186869873,0.5190996527671814
97,0.5148924258077636,0.5133458971977234
98,0.5239362167868731,0.5220875144004822
99,0.5184207670652625,0.5168454051017761
100,0.5214687910627476,0.519783079624176
101,0.5216598489478467,0.5202451944351196
102,0.5203861172721876,0.5189487338066101
103,0.5228397592288926,0.5214977860450745
104,0.5261575786412507,0.5249168872833252
105,0.5192500393262394,0.5182504057884216
106,0.5209045231086326,0.5198415517807007
107,0.521165851043594,0.5198927521705627
108,0.5242390830597436,0.5228080153465271
109,0.5279159620298478,0.526523232460022
110,0.5332054840443101,0.5319323539733887
111,0.5386521338692958,0.5373157262802124
112,0.5392226609425156,0.5378900766372681
113,0.5390572000187485,0.5380480289459229
114,0.5330885334867019,0.5319464206695557
115,0.5320014216022048,0.5308231711387634
116,0.5346053004099016,0.533465564250946
117,0.5357526293936855,0.534831702709198
118,0.5290094336724475,0.5282648205757141
119,0.5312424301000022,0.5302162766456604
120,0.5304011696952836,0.5295310616493225
121,0.5319465590091862,0.5308184623718262
122,0.5316015665828451,0.5308036208152771
123,0.5314025254564488,0.5306668281555176
124,0.5329915581614244,0.5321452021598816
125,0.5313133569293151,0.5307841897010803
126,0.5342583386061647,0.533504843711853
127,0.5322684738987792,0.5315895080566406
128,0.5330516107872076,0.5324850082397461
129,0.5330812508241316,0.5323957204818726
130,0.5352413326754025,0.5347054600715637
131,0.5333097952798086,0.5327532291412354
132,0.5312972173351921,0.5308368802070618
133,0.52525834609867,0.5249295830726624
134,0.524131800691637,0.5236607193946838
135,0.5278345547100906,0.5270082354545593
136,0.5245657532190192,0.523860514163971
137,0.5310041135857058,0.5306475162506104
138,0.5322574026061808,0.531802237033844
139,0.5311595626584255,0.5306006669998169
140,0.5302538592697681,0.5297814011573792
141,0.5294090154651838,0.5287694334983826
142,0.5284581274122259,0.527877926826477
143,0.5318198311261093,0.5311876535415649
144,0.5257918390640605,0.5249645709991455
145,0.5297374616324463,0.5287950038909912
146,0.5297565304304163,0.5289792418479919
147,0.5311672463744054,0.5303362607955933
148,0.5301536238794923,0.5290865898132324
149,0.5260840692802333,0.5253912210464478
150,0.5249335270802079,0.5240340828895569
151,0.5241416106813407,0.5235077738761902
152,0.5195979109022587,0.5190883874893188
153,0.5256698442909413,0.5250279903411865
154,0.5218812659029349,0.5211673378944397
155,0.5213153305717856,0.520458459854126
156,0.5231193046896019,0.522521436214447
157,0.5231704083332747,0.5225154161453247
158,0.5199564628777056,0.5194263458251953
159,0.523860160929431,0.5227622985839844
160,0.5225736553314927,0.5216928720474243
161,0.5238445701083463,0.5229311585426331
162,0.5214461161468646,0.5201535820960999
163,0.524303406112117,0.5231841206550598
164,0.5273362823860911,0.5259697437286377
165,0.5269834006965098,0.525816798210144
166,0.5325764474002697,0.5315763354301453
167,0.5336595979838045,0.5323885679244995
168,0.536559876156002,0.5355650186538696
169,0.5370002818959516,0.5359504818916321
170,0.5346414021550138,0.5340222120285034
171,0.5378511254495427,0.5370696187019348
172,0.5375281797436764,0.5367926359176636
173,0.5355527213037763,0.5348910689353943
174,0.5348249273163949,0.5343079566955566
175,0.5318030196224781,0.5311065912246704
176,0.5340242509798521,0.533289909362793
177,0.5310711183502397,0.5304397940635681
178,0.5329677478258885,0.5322880148887634
179,0.5383855454483588,0.5376646518707275
180,0.5298815996092889,0.5291929244995117
181,0.5285124443209014,0.5280476212501526
182,0.5340344918428702,0.5332115292549133
183,0.5319225481649229,0.5311030149459839
184,0.5280157292369335,0.5271915197372437
185,0.5299598362884865,0.5293020606040955
186,0.5305018211887048,0.5295451283454895
187,0.532183012106972,0.5314974188804626
188,0.5375699857253229,0.5367197394371033
189,0.532657227187583,0.532015860080719
190,0.5396284972352473,0.5388126969337463
191,0.5379009532541427,0.5371536016464233
192,0.5342948912732765,0.53354412317276
193,0.5376414965932829,0.5369797945022583
194,0.5389363620870048,0.5379674434661865
195,0.5400961848480681,0.5391453504562378
196,0.5429328982255762,0.5419000387191772
197,0.5371514099020873,0.5361060500144958
198,0.5408799168936183,0.5397932529449463
199,0.5383283482809996,0.5376302599906921
200,0.5352589035452539,0.5343283414840698
201,0.5329020955461222,0.5321841239929199
202,0.5371645786005084,0.5362618565559387
203,0.5360241868401888,0.5355671048164368
204,0.5411796252085711,0.5405007600784302
205,0.5243775412668444,0.5238145589828491
206,0.5170565740636599,0.5165923833847046
207,0.5012649883400586,0.5008488893508911
208,0.4472270167507985,0.4470882713794708
209,0.4365494109469166,0.436510294675827
210,0.4250375309202009,0.42543455958366394
211,0.42576697029063076,0.4261924624443054
212,0.43214608313304304,0.43230390548706055
213,0.44887093462986916,0.44874268770217896
214,0.5105443333254791,0.5093199014663696
215,0.5194576819200662,0.5188997983932495
216,0.5321534340887745,0.5313506722450256
217,0.5421577485263325,0.5412304401397705
218,0.5482290928389614,0.5471939444541931
219,0.5444001000565635,0.5436350107192993
220,0.54102078458486,0.5404975414276123
221,0.5461716926922922,0.5454660058021545
222,0.5436767371295299,0.543127179145813
223,0.5496839170657783,0.5488942265510559
224,0.5472110564925263,0.546550989151001
225,0.54129182896849,0.5406577587127686
226,0.546350018578956,0.5459845662117004
227,0.548379117127564,0.547614336013794
228,0.5453085267505351,0.5447821021080017
229,0.5527506942422244,0.5521232485771179
230,0.5516701978541217,0.5510454177856445
231,0.5497587170075355,0.5491158962249756
232,0.5532941044819941,0.5524493455886841
233,0.5502295700357207,0.549170732498169
234,0.5550260404055524,0.5540277361869812
235,0.5527759223953749,0.5519436597824097
236,0.5515000873107622,0.5502856373786926
237,0.5491690133679016,0.5483403205871582
238,0.5456966952872643,0.5448855757713318
239,0.5561726800424811,0.5553011894226074
240,0.5508374196998592,0.5499654412269592
241,0.5423478116893868,0.541691780090332
242,0.5513705052876373,0.5503772497177124
243,0.5518707943158865,0.5509918928146362
244,0.5464403541611286,0.5453183650970459
245,0.5499759757376992,0.5486520528793335
246,0.5368650396760706,0.5358315110206604
247,0.5470886588233224,0.5458498597145081
248,0.5405622242108187,0.5394906401634216
249,0.5514641114481966,0.5502368211746216
250,0.5516755297164743,0.5505928993225098
251,0.5382165710302634,0.5372192859649658
252,0.5485400532569565,0.5473135113716125
253,0.5465640321459065,0.5457693934440613
254,0.5540427801711074,0.5532361268997192
255,0.5519538320194091,0.5512779355049133
256,0.553656596908261,0.552558958530426
257,0.5575216808847999,0.5561060309410095
258,0.5485885623778026,0.5476680994033813
259,0.539615065048887,0.5385671257972717
260,0.5246236505624955,0.5236091613769531
261,0.45800683727501157,0.4577290117740631
262,0.44996075564204846,0.4497155249118805
263,0.4375955777483734,0.4377443492412567
264,0.4328495207234669,0.432730108499527
265,0.43528446360347206,0.43525373935699463
266,0.4347634426119539,0.4347597360610962
267,0.43520912135110335,0.4350079298019409
268,0.4364012881989122,0.4363624155521393
269,0.4366886621152031,0.4369414746761322
270,0.4378963581322424,0.4381459355354309
271,0.4372330484089817,0.4372482895851135
272,0.4370533172435478,0.4374319911003113
273,0.4446147734788185,0.44472116231918335
274,0.4529275485528003,0.4526517391204834
275,0.46914627234352135,0.46840712428092957
276,0.5277838355362889,0.526729941368103
277,0.537760565105984,0.5367159247398376
278,0.5473111068192767,0.5459858775138855
279,0.5549221223061583,0.5533384084701538
280,0.5579667834779964,0.5564771294593811
281,0.5565730436766458,0.554924726486206
282,0.5454799722627105,0.5439006090164185
283,0.5405478362923354,0.5393409132957458
284,0.5398889166748974,0.538516104221344
285,0.5470707040971137,0.5453104972839355
286,0.5430503845672343,0.5416368842124939
287,0.549636707140011,0.5477755665779114
288,0.5425429227327858,0.5408685207366943
289,0.5507716903529027,0.5486523509025574
290,0.5524852678903368,0.5500645041465759
291,0.5525084893082595,0.5502668023109436
292,0.5549207010983087,0.5530041456222534
293,0.5545330096247751,0.5523731112480164
294,0.5474786050819729,0.5459010601043701
295,0.5517821198230851,0.5500954985618591
296,0.5557801080394026,0.5543211698532104
297,0.5560645392765186,0.5543985366821289
298,0.5468731357545515,0.5454316735267639
299,0.5435465529645328,0.542279839515686
300,0.5488697248400098,0.5476367473602295
301,0.5518087585984727,0.5505679249763489
302,0.5531794852937314,0.5521097183227539
303,0.551648934881894,0.5506266355514526
304,0.5522106826336174,0.5509623885154724
305,0.5513077597874315,0.5500332117080688
306,0.5427933625072724,0.5415183901786804
307,0.5502606199879252,0.5488996505737305
308,0.550501315829497,0.5491982102394104
309,0.5511355338296096,0.5496119856834412
310,0.5519145038039187,0.5503067374229431
311,0.5507810687821316,0.5491312146186829
312,0.5490210330163686,0.5475394129753113
313,0.5502967745198554,0.5488549470901489
314,0.5516286937942048,0.549910306930542
315,0.5494839235947325,0.5478142499923706
316,0.540250106984927,0.5390434265136719
317,0.5251210122391653,0.524478554725647
318,0.5129806823204622,0.5122466683387756
319,0.446576381070937,0.44674772024154663
320,0.4338802248196468,0.4340696334838867
321,0.43129364039791507,0.43144410848617554
322,0.4323356129604714,0.4324130713939667
323,0.443204537383405,0.4431864321231842
324,0.5170644506816109,0.5156378149986267
325,0.532258614401881,0.5309592485427856
326,0.5318607381493502,0.5309313535690308
327,0.5233722931862475,0.5226129293441772
328,0.5024581617467335,0.5018253326416016
329,0.43778254874238537,0.4379904568195343
330,0.4276109414647042,0.4281628429889679
331,0.4213949171307511,0.42173922061920166
332,0.4260320957884671,0.4263226389884949
333,0.4415721352634588,0.4416753947734833
334,0.5073000386059734,0.5063318610191345
335,0.5189352893779,0.5181869268417358
336,0.5321797893393705,0.5313708782196045
337,0.5376842756593704,0.5367208123207092
338,0.5355261379824698,0.5344562530517578
339,0.5395132297028167,0.5385347008705139
340,0.5348363518938841,0.5337361693382263
341,0.5350883363713294,0.533919095993042
342,0.5379347846313208,0.5367621183395386
343,0.5341008646336065,0.5326762795448303
344,0.5355014767806389,0.5341758728027344
345,0.53156011104169,0.530255913734436
346,0.5327067498908917,0.5311334133148193
347,0.5300286153346102,0.528915286064148
348,0.5293419164512156,0.5281938910484314
349,0.5344130136444959,0.5331112146377563
350,0.5332564232719591,0.5317546725273132
351,0.5323786727195138,0.530967652797699
352,0.5274690403819331,0.5263466835021973
353,0.5342794702013732,0.5330342054367065
354,0.5333852027834799,0.5326055288314819
355,0.5333653145457262,0.5323338508605957
356,0.5340011023660342,0.5330868363380432
357,0.5337376017213485,0.532974898815155
358,0.5321807433800307,0.531187891960144
359,0.5281449161831371,0.527350127696991
360,0.5352528151998681,0.5344204902648926
361,0.5242767806187655,0.5234337449073792
362,0.5199812036316838,0.5191004872322083
363,0.5185499932275494,0.5177914500236511
364,0.5268764778526507,0.5257799625396729
365,0.5315007542688407,0.5300831198692322
366,0.5296380881218665,0.528212308883667
367,0.5262193803601887,0.5248561501502991
368,0.5306877091344954,0.5294747948646545
369,0.5317235444109654,0.530229926109314
370,0.5315441522275065,0.5299637317657471
371,0.5241047332080588,0.5226609110832214
372,0.5187567360500497,0.5174799561500549
373,0.5226593749069507,0.5211511254310608
374,0.5159039085843334,0.5148699283599854
375,0.5136475196961227,0.5127389430999756
376,0.48715797803937083,0.4862995743751526
377,0.43836001400180447,0.43819281458854675
378,0.42851971140697953,0.428525447845459
379,0.42025912006000843,0.4203367233276367
380,0.42009617216703626,0.42003732919692993
381,0.41490747392696514,0.415006548166275
382,0.41150503612349304,0.4117383360862732
383,0.4171910549238956,0.4173045754432678
384,0.41660820592811487,0.4166758358478546
385,0.4171927249640177,0.41673892736434937
386,0.4161723989959851,0.4162137508392334
387,0.41578676445355206,0.41618943214416504
388,0.41472107554532944,0.41499456763267517
389,0.4152669918113639,0.4157618582248688
390,0.41477526762686284,0.4152774512767792
391,0.4141120857699805,0.41473788022994995
392,0.4167587754962921,0.4172765612602234
393,0.41528734850178345,0.4156813621520996
394,0.41569245478076344,0.4158158302307129
395,0.41271170487559217,0.4130691587924957
396,0.4131161831151661,0.4134630560874939
397,0.4112721226948268,0.41176366806030273
398,0.4151621162719639,0.41555044054985046
399,0.4129312217325617,0.41315701603889465
400,0.41081239165601724,0.411382794380188
401,0.4114953328728589,0.4118337333202362
402,0.4100708839286487,0.41055619716644287
403,0.4175980652962515,0.41766834259033203
404,0.4219909611619982,0.4220595955848694
405,0.4300420316013587,0.42994818091392517
406,0.4767542514926044,0.47569572925567627
407,0.48886797793787323,0.48751300573349
408,0.4975912842496807,0.4961610436439514
409,0.505339654094603,0.5038608312606812
410,0.5078481754413695,0.5063004493713379
411,0.505693799273263,0.5043533444404602
412,0.5041627792899807,0.5029513835906982
413,0.503890432520887,0.502896249294281
414,0.5068034437349748,0.5057308673858643
415,0.509856987551486,0.5085467100143433
416,0.5091853586016108,0.5081785321235657
417,0.5090402939908185,0.5076669454574585
418,0.509139245432762,0.5078796744346619
419,0.5098209540355348,0.5084680318832397
420,0.5049797196899722,0.5039876103401184
421,0.5081387133063707,0.5064776539802551
422,0.5058157814985984,0.5039291381835938
423,0.5062605409486807,0.5041866302490234
424,0.5094127566596371,0.5076287388801575
425,0.5078592896526909,0.5064110159873962
426,0.5068868526496809,0.5052592158317566
427,0.507636128510502,0.5063141584396362
428,0.4993121152337715,0.49872708320617676
429,0.4836160760566354,0.48333799839019775
430,0.4697170911928342,0.46960726380348206
431,0.41831364013071326,0.4190353751182556
432,0.416848240600371,0.41748663783073425
433,0.4173187035078117,0.4177209138870239
434,0.4224366151991012,0.4231239855289459
435,0.4718424976876758,0.47176024317741394
436,0.4443952428553797,0.44477465748786926
437,0.4954999900787183,0.4953981339931488
438,0.5109332876485383,0.5103253722190857
439,0.5148111722867244,0.5143686532974243
440,0.5168013964013636,0.5162628293037415
441,0.5205976153984854,0.519860565662384
442,0.5172436750998668,0.5164315104484558
443,0.5173928569085467,0.5166246891021729
444,0.5173104017606303,0.5165332555770874
445,0.516335028263363,0.5155779123306274
446,0.51668292246682,0.5158177018165588
447,0.5126800802950375,0.5117865204811096
448,0.5126751782025274,0.5118685364723206
449,0.508975172327953,0.5082714557647705
450,0.5063257328083917,0.5055845379829407
451,0.5071253599767093,0.5063484907150269
452,0.5129521351111764,0.5117536783218384
453,0.5137010151384158,0.5126739740371704
454,0.5161846593701795,0.5148782134056091
455,0.518122379721098,0.5168663859367371
456,0.5169744306412501,0.51595139503479
457,0.5142217214839349,0.5128481388092041
458,0.5185714337352881,0.5172454118728638
459,0.5190213613408661,0.5176454782485962
460,0.5226746567494366,0.5213073492050171
461,0.520809391829469,0.5193638205528259
462,0.5236870830151159,0.5222842693328857
463,0.5217421380540196,0.5202164649963379
464,0.524970409099808,0.5235763192176819
465,0.5261171399436253,0.5246543288230896
466,0.5233153662947908,0.5220181941986084
467,0.526467255346698,0.5249205827713013
468,0.5324708605144122,0.5305412411689758
469,0.5301842075183243,0.5288394689559937
470,0.5244900442101835,0.523229718208313
471,0.5269503065855757,0.5253966450691223
472,0.5262595540933002,0.5251627564430237
473,0.5241938212401326,0.5230548977851868
474,0.5230205529205657,0.5221633911132812
475,0.5216598186767532,0.5200623273849487
476,0.5173477507426794,0.5161945819854736
477,0.516974409497477,0.5158202052116394
478,0.5182582273474832,0.5172023773193359
479,0.5180074013805412,0.5164232850074768
480,0.5162257824952119,0.5147976875305176
481,0.5183959229650974,0.5168394446372986
482,0.5228429103152012,0.5202463865280151
483,0.5211498525367627,0.5188941955566406
484,0.5228280471261,0.5201746225357056
485,0.5202079285649253,0.5178221464157104
486,0.5136673399656428,0.5112543702125549
487,0.5149657187187076,0.5128846764564514
488,0.5182690813028867,0.515454888343811
489,0.5163083287767335,0.5141907334327698
490,0.5138804728678495,0.5118447542190552
491,0.5092684263450269,0.5075584053993225
492,0.5107613572630398,0.5085330605506897
493,0.5141700404858299,0.5119419097900391
494,0.5160032052541564,0.5135532021522522
495,0.5154455717518915,0.5129353404045105
496,0.5153154985870901,0.5131256580352783
497,0.5121542558857995,0.5103306770324707
498,0.5169514965162562,0.5151074528694153
499,0.5144996882382014,0.5127954483032227
500,0.5118641302823992,0.5098463296890259
501,0.5099648689788481,0.5089985132217407
502,0.5079207718929829,0.506378710269928
503,0.5105335261758231,0.509665310382843
504,0.515167746267377,0.5143481492996216
505,0.5140675786630838,0.5130325555801392
506,0.510954378574037,0.5104142427444458
507,0.5197500958208569,0.518815815448761
508,0.5217166944841803,0.5206634402275085
509,0.5177564551457439,0.5170369744300842
510,0.535425161770369,0.5342984795570374
511,0.5341146814073028,0.5325812101364136
512,0.5296751180918081,0.5285381078720093
513,0.5309012359485373,0.5294578075408936
514,0.5421360605581229,0.5407765507698059
515,0.536091628649539,0.5348460674285889
516,0.5391560287266428,0.5378641486167908
517,0.5345413487310038,0.5334693193435669
518,0.5372881968704466,0.5362831354141235
519,0.5342500600274364,0.532724142074585
520,0.5367311305265086,0.535672664642334
521,0.5364739231022911,0.5352492928504944
522,0.5386710650487861,0.537208080291748
523,0.5338502483287579,0.5323584079742432
524,0.5364632969810963,0.5345486402511597
525,0.5327334934506225,0.5311723947525024
526,0.5351042229227633,0.5337476134300232
527,0.5472416372822769,0.5458071827888489
528,0.5448803630846132,0.5434371829032898
529,0.5460142725852865,0.5449104905128479
530,0.5404180071301784,0.539310097694397
531,0.5421816650006185,0.5408864617347717
532,0.5424606276296752,0.5409899950027466
533,0.5383238687537718,0.5368402600288391
534,0.5411164127203227,0.5396281480789185
535,0.5453378871277936,0.5435858964920044
536,0.5436961855105872,0.5422167778015137
537,0.5428588766424796,0.5413778424263
538,0.5400841151193981,0.5384896397590637
539,0.5423592453106756,0.5405818819999695
540,0.5389201297337658,0.5373175144195557
541,0.5435612203294866,0.5415849685668945
542,0.545447207579042,0.5436300039291382
543,0.5445009419943746,0.5426668524742126
544,0.5483933233604177,0.5460962653160095
545,0.5376253038931628,0.5347819924354553
546,0.5492619552289384,0.5467411279678345
547,0.5470605302077419,0.5441492795944214
548,0.5416509376699356,0.5398885607719421
549,0.539556589856006,0.5376666188240051
550,0.5383148069411517,0.5361647605895996
551,0.5127697283556706,0.511492133140564
552,0.5414431912048632,0.5389622449874878
553,0.5435893919025551,0.5408422350883484
554,0.5514389854584814,0.5489550828933716
555,0.5546447567367159,0.5512821078300476
556,0.5589435728703144,0.5560718774795532
557,0.5551478976868769,0.5523132681846619
558,0.5619333554751016,0.5590601563453674
559,0.5614958884164198,0.5582112073898315
560,0.5584603419790951,0.5554245114326477
561,0.5578592643363034,0.5549210906028748
562,0.5605729155053681,0.5572836995124817
563,0.556539052934896,0.5531284213066101
564,0.5588013857060512,0.5553906559944153
565,0.5558541241372003,0.5526439547538757
566,0.5539409320527807,0.5508036017417908
567,0.5560305097339748,0.5525307655334473
568,0.5603105649011044,0.5571391582489014
569,0.5550931082484919,0.5516116619110107
570,0.5556394560255737,0.5526599287986755
571,0.5563155730560683,0.5530347228050232
572,0.5506957687363527,0.5475742220878601
573,0.54750673938938,0.544753909111023
574,0.5456030408704609,0.5430757999420166
575,0.5466003828193877,0.5437079071998596
576,0.5445760643021016,0.5424206852912903
577,0.5465922001466731,0.5443314909934998
578,0.5479703623880767,0.5454079508781433
579,0.5529127229364799,0.5509699583053589
580,0.5550947237033345,0.5525080561637878
581,0.5469224558517489,0.54446941614151
582,0.5556906130292355,0.552646815776825
583,0.5538637280048623,0.5509677529335022
584,0.5507008523401883,0.5477726459503174
585,0.5607184492409719,0.5579557418823242
586,0.5576172721754964,0.5544093251228333
587,0.5500164547241935,0.5472841858863831
588,0.5517182030559894,0.5487114787101746
589,0.5503807402997861,0.5469391942024231
590,0.5605885735079443,0.5570335984230042
591,0.5626521955601094,0.5592813491821289
592,0.562513447707235,0.5588218569755554
593,0.5603962380485684,0.5567160844802856
594,0.5573213184438408,0.5547699332237244
595,0.5558817260637597,0.5526759028434753
596,0.5607126177152416,0.5572302341461182
597,0.564702007440133,0.5615924596786499
598,0.5600137606398017,0.5572041273117065
599,0.565142400259959,0.5622686147689819
600,0.5581323741768088,0.5547488331794739
601,0.5545468894643215,0.5518577098846436
602,0.5552585561042784,0.5525496006011963
603,0.5552769990793036,0.5525264739990234
604,0.5582361071814146,0.5555046796798706
605,0.5567561375718818,0.5539402961730957
606,0.5590755719027695,0.5553048253059387
607,0.5563096431589789,0.5529052019119263
608,0.5605440128389494,0.5569808483123779
609,0.5568574300824406,0.5529582500457764
610,0.5568322479720199,0.5530492663383484
611,0.556798767871952,0.553429126739502
612,0.5654416222323262,0.5618099570274353
613,0.5615420215849989,0.5578944087028503
614,0.5562580135173885,0.5524135231971741
615,0.5603979594391479,0.5565357804298401
616,0.5631414720689736,0.5590022206306458
617,0.5646267027665122,0.5605894327163696
618,0.5685505322024662,0.56451016664505
619,0.5699500372358272,0.5663108825683594
620,0.566844103429702,0.5635124444961548
621,0.5614290067137797,0.5585387945175171
622,0.5588871060518906,0.5562595725059509
623,0.5433711174906817,0.5416030287742615
624,0.5211107069658345,0.5197195410728455
625,0.5097832073907914,0.5088578462600708
626,0.5037701338697155,0.5026171803474426
627,0.4985827368655356,0.49765896797180176
628,0.5044175825706604,0.5033193230628967
629,0.5092371069929239,0.5081124901771545
630,0.5128089601162363,0.5115228891372681
631,0.5322434760765488,0.5300611257553101
632,0.556361418431288,0.5534047484397888
633,0.5678056528325386,0.5645224452018738
634,0.5707472331016725,0.5670172572135925
635,0.5729611798808808,0.5692116022109985
636,0.5766459483437189,0.5728271007537842
637,0.5699752412810549,0.5665022730827332
638,0.5681217891678615,0.5645463466644287
639,0.5668272186112447,0.5632746815681458
640,0.5703521020617366,0.5662730932235718
641,0.5730212739733866,0.5692152380943298
642,0.5740601662451325,0.5704412460327148
643,0.5741251316212655,0.5704355239868164
644,0.5606991766405028,0.557944118976593
645,0.5493675171178987,0.5477694869041443
646,0.5446497981513755,0.5428915023803711
647,0.5282862445974025,0.5273131728172302
648,0.5173304792131388,0.5163759589195251
649,0.5027822125083766,0.5015326738357544
650,0.4963362930683722,0.49572938680648804
651,0.49786885216908405,0.49730125069618225
652,0.5055735651498913,0.5045976638793945
653,0.5034446079825853,0.5026280879974365
654,0.5242865658919985,0.522992730140686
655,0.5330438797766263,0.5314499735832214
656,0.541854574988779,0.5402842164039612
657,0.5420905222602816,0.5397853851318359
658,0.552350944145868,0.5503684878349304
659,0.5508695314640198,0.5480613708496094
660,0.5549498130289313,0.5519018173217773
661,0.554880143727319,0.5515289306640625
662,0.5595995831747002,0.5554675459861755
663,0.5552842661492279,0.5520193576812744
664,0.5640927858161627,0.5588278770446777
